ds,trend,yhat_lower,yhat_upper,trend_lower,trend_upper,multiplicative_terms,multiplicative_terms_lower,multiplicative_terms_upper,weekly,weekly_lower,weekly_upper,yearly,yearly_lower,yearly_upper,additive_terms,additive_terms_lower,additive_terms_upper,yhat
1959-01-01,34.694053,27.998499836233552,44.28333983010204,34.694053,34.694053,0.03657849172727019,0.03657849172727019,0.03657849172727019,0.023035779999987373,0.023035779999987373,0.023035779999987373,0.013542711727282818,0.013542711727282818,0.013542711727282818,0.0,0.0,0.0,35.963109130645975
1959-01-02,34.73545442857143,27.946253781995054,44.106646270570614,34.73545442857143,34.73545442857143,0.03326094167840339,0.03326094167840339,0.03326094167840339,0.00021420081237765766,0.00021420081237765766,0.00021420081237765766,0.033046740866025735,0.033046740866025735,0.033046740866025735,0.0,0.0,0.0,35.89078835249298
1959-01-03,34.776855857142856,27.99605427877952,43.65094587874698,34.776855857142856,34.776855857142856,0.0372829044709689,0.0372829044709689,0.0372829044709689,-0.014596621560010957,-0.014596621560010957,-0.014596621560010957,0.05187952603097986,0.05187952603097986,0.05187952603097986,0.0,0.0,0.0,36.07343805186537
1959-01-04,34.81825728571429,26.86463314273964,43.16528742122615,34.81825728571429,34.81825728571429,-0.0017542199318651645,-0.0017542199318651645,-0.0017542199318651645,-0.07152685401130092,-0.07152685401130092,-0.07152685401130092,0.06977263407943575,0.06977263407943575,0.06977263407943575,0.0,0.0,0.0,34.75717840479088
1959-01-05,34.859658714285715,29.676488113068515,45.268314063250415,34.859658714285715,34.859658714285715,0.06997228344287329,0.06997228344287329,0.06997228344287329,-0.016506430077642926,-0.016506430077642926,-0.016506430077642926,0.08647871352051621,0.08647871352051621,0.08647871352051621,0.0,0.0,0.0,37.29886863456354
1959-01-06,34.90106014285714,31.601748272579094,48.37025187388642,34.90106014285714,34.90106014285714,0.13851817534546504,0.13851817534546504,0.13851817534546504,0.036741091430135,0.036741091430135,0.036741091430135,0.10177708391533002,0.10177708391533002,0.10177708391533002,0.0,0.0,0.0,39.735491311468046
1959-01-07,34.942461571428574,31.869445305563513,48.67483143995731,34.942461571428574,34.942461571428574,0.15811751188309436,0.15811751188309436,0.15811751188309436,0.042638833406418844,0.042638833406418844,0.042638833406418844,0.11547867847667553,0.11547867847667553,0.11547867847667553,0.0,0.0,0.0,40.4674766541735
1959-01-08,34.983863,31.67098347912835,48.2603492701199,34.983863,34.983863,0.1504659910483365,0.1504659910483365,0.1504659910483365,0.02303577999998241,0.02303577999998241,0.02303577999998241,0.1274302110483541,0.1274302110483541,0.1274302110483541,0.0,0.0,0.0,40.24774461699423
1959-01-09,35.025264428571425,31.243275276077178,47.620527593574515,35.025264428571425,35.025264428571425,0.1377316595540713,0.1377316595540713,0.1377316595540713,0.00021420081238966368,0.00021420081238966368,0.00021420081238966368,0.13751745874168164,0.13751745874168164,0.13751745874168164,0.0,0.0,0.0,39.84935222463875
1959-01-10,35.06666585714286,31.33699854693846,47.99468121810685,35.06666585714286,35.06666585714286,0.13107095306433542,0.13107095306433542,0.13107095306433542,-0.01459662156002262,-0.01459662156002262,-0.01459662156002262,0.14566757462435803,0.14566757462435803,0.14566757462435803,0.0,0.0,0.0,39.662887171827165
1959-01-11,35.108067285714284,30.215293535879855,45.95737508308011,35.108067285714284,35.108067285714284,0.08032351635416812,0.08032351635416812,0.08032351635416812,-0.07152685401130277,-0.07152685401130277,-0.07152685401130277,0.1518503703654709,0.1518503703654709,0.1518503703654709,0.0,0.0,0.0,37.92807070250159
1959-01-12,35.14946871428571,32.21599402084505,48.33926148439074,35.14946871428571,35.14946871428571,0.1395721058662281,0.1395721058662281,0.1395721058662281,-0.016506430077612832,-0.016506430077612832,-0.016506430077612832,0.1560785359438409,0.1560785359438409,0.1560785359438409,0.0,0.0,0.0,40.055354082817665
1959-01-13,35.19087014285714,33.77934440036896,50.298273191832365,35.19087014285714,35.19087014285714,0.19514788310917555,0.19514788310917555,0.19514788310917555,0.03674109143013998,0.03674109143013998,0.03674109143013998,0.1584067916790356,0.1584067916790356,0.1584067916790356,0.0,0.0,0.0,42.058293956005606
1959-01-14,35.23227157142857,34.14461736186193,51.06577108572906,35.23227157142857,35.23227157142857,0.2015688295777407,0.2015688295777407,0.2015688295777407,0.04263883340640869,0.04263883340640869,0.04263883340640869,0.158929996171332,0.158929996171332,0.158929996171332,0.0,0.0,0.0,42.33399931544653
1959-01-15,35.273673008404565,33.54641815085336,49.87794323225473,35.273673008404565,35.273673008404565,0.18081604145844168,0.18081604145844168,0.18081604145844168,0.023035780000001723,0.023035780000001723,0.023035780000001723,0.15778026145843996,0.15778026145843996,0.15778026145843996,0.0,0.0,0.0,41.651718929483756
1959-01-16,35.31507444538056,32.075589518079894,49.4164670764233,35.31507444538056,35.31507444538056,0.1553373538605337,0.1553373538605337,0.1553373538605337,0.00021420081237649366,0.00021420081237649366,0.00021420081237649366,0.15512315304815721,0.15512315304815721,0.15512315304815721,0.0,0.0,0.0,40.80082466111373
1959-01-17,35.35647588235655,32.21723821440608,48.75915744228047,35.35647588235655,35.35647588235655,0.13655645517981668,0.13655645517981668,0.13655645517981668,-0.01459662156000913,-0.01459662156000913,-0.01459662156000913,0.1511530767398258,0.1511530767398258,0.1511530767398258,0.0,0.0,0.0,40.18463089650184
1959-01-18,35.397877319332544,29.610916386215823,46.698991527111716,35.397877319332544,35.397877319332544,0.07456112162284548,0.07456112162284548,0.07456112162284548,-0.07152685401130462,-0.07152685401130462,-0.07152685401130462,0.1460879756341501,0.1460879756341501,0.1460879756341501,0.0,0.0,0.0,38.03718275532986
1959-01-19,35.439278756308546,30.802975432693632,48.136727850202284,35.439278756308546,35.439278756308546,0.12365704877971745,0.12365704877971745,0.12365704877971745,-0.016506430077595453,-0.016506430077595453,-0.016506430077595453,0.1401634788573129,0.1401634788573129,0.1401634788573129,0.0,0.0,0.0,39.8215953781954
1959-01-20,35.48068019328454,32.312380669625746,50.07211543819662,35.48068019328454,35.48068019328454,0.17036774922230888,0.17036774922230888,0.17036774922230888,0.03674109143012739,0.03674109143012739,0.03674109143012739,0.1336266577921815,0.1336266577921815,0.1336266577921815,0.0,0.0,0.0,41.52544381869098
1959-01-21,35.52208163026053,32.86361104322062,49.776956488522735,35.52208163026053,35.52208163026053,0.1693683890313609,0.1693683890313609,0.1693683890313609,0.04263883340643646,0.04263883340643646,0.04263883340643646,0.12672955562492444,0.12672955562492444,0.12672955562492444,0.0,0.0,0.0,41.53839937101825
1959-01-22,35.563483067236525,32.08642047788387,48.389055510628566,35.563483067236525,35.563483067236525,0.1427584415062379,0.1427584415062379,0.1427584415062379,0.02303577999999676,0.02303577999999676,0.02303577999999676,0.11972266150624113,0.11972266150624113,0.11972266150624113,0.0,0.0,0.0,40.64047048444869
1959-01-23,35.60488450421252,31.340490711009966,48.077398452897526,35.60488450421252,35.60488450421252,0.11306270225809914,0.11306270225809914,0.11306270225809914,0.0002142008123960839,0.0002142008123960839,0.0002142008123960839,0.11284850144570306,0.11284850144570306,0.11284850144570306,0.0,0.0,0.0,39.63046895984631
1959-01-24,35.646285941188516,30.98256976578238,46.723210539167056,35.646285941188516,35.646285941188516,0.09173889262952248,0.09173889262952248,0.09173889262952248,-0.014596621560020787,-0.014596621560020787,-0.014596621560020787,0.10633551418954326,0.10633551418954326,0.10633551418954326,0.0,0.0,0.0,38.916436739788466
1959-01-25,35.68768737816451,27.95387999428678,44.283000946638424,35.68768737816451,35.68768737816451,0.028865517879241895,0.028865517879241895,0.028865517879241895,-0.07152685401129505,-0.07152685401129505,-0.07152685401129505,0.10039237189053694,0.10039237189053694,0.10039237189053694,0.0,0.0,0.0,36.71783095624771
1959-01-26,35.72908881514051,30.028454144312338,46.96276205875106,35.72908881514051,35.72908881514051,0.07869646252829007,0.07869646252829007,0.07869646252829007,-0.01650643007761396,-0.01650643007761396,-0.01650643007761396,0.09520289260590403,0.09520289260590403,0.09520289260590403,0.0,0.0,0.0,38.54084171425116
1959-01-27,35.7704902521165,31.695536313788544,48.49806503692958,35.7704902521165,35.7704902521165,0.1276627663480348,0.1276627663480348,0.1276627663480348,0.03674109143013493,0.03674109143013493,0.03674109143013493,0.09092167491789986,0.09092167491789986,0.09092167491789986,0.0,0.0,0.0,40.337049991327106
1959-01-28,35.81189168098364,32.089633513115935,48.87168085285873,35.81189168098364,35.81189168098364,0.1303093981415244,0.1303093981415244,0.1303093981415244,0.04263883340643228,0.04263883340643228,0.04263883340643228,0.08767056473509213,0.08767056473509213,0.08767056473509213,0.0,0.0,0.0,40.47851773224209
1959-01-29,35.853293109850775,31.570279675638307,47.8780862245606,35.853293109850775,35.853293109850775,0.10857182116986795,0.10857182116986795,0.10857182116986795,0.02303577999999179,0.02303577999999179,0.02303577999999179,0.08553604116987616,0.08553604116987616,0.08553604116987616,0.0,0.0,0.0,39.745950437724346
1959-01-30,35.894694538717914,30.689143348260135,47.29621511547392,35.894694538717914,35.894694538717914,0.08478178376242705,0.08478178376242705,0.08478178376242705,0.00021420081238291908,0.00021420081238291908,0.00021420081238291908,0.08456758295004413,0.08456758295004413,0.08456758295004413,0.0,0.0,0.0,38.93791076931787
1959-01-31,35.936095967585054,30.453969208752852,46.47173037387007,35.936095967585054,35.936095967585054,0.07018042826148602,0.07018042826148602,0.07018042826148602,-0.014596621560004196,-0.014596621560004196,-0.014596621560004196,0.08477704982149022,0.08477704982149022,0.08477704982149022,0.0,0.0,0.0,38.458106572636034
1959-02-01,35.97749739645219,28.97420786632134,44.776452212608696,35.97749739645219,35.97749739645219,0.014612231578595454,0.014612231578595454,0.014612231578595454,-0.07152685401129691,-0.07152685401129691,-0.07152685401129691,0.08613908558989236,0.08613908558989236,0.08613908558989236,0.0,0.0,0.0,36.50320892002747
1959-02-02,36.01889882531933,30.131302613850927,46.8080927689018,36.01889882531933,36.01889882531933,0.0720860915284526,0.0720860915284526,0.0720860915284526,-0.016506430077609303,-0.016506430077609303,-0.016506430077609303,0.0885925216060619,0.0885925216060619,0.0885925216060619,0.0,0.0,0.0,38.61536046279538
1959-02-03,36.06030025418647,32.19278471991108,48.2217580717981,36.06030025418647,36.06030025418647,0.12878382382635123,0.12878382382635123,0.12878382382635123,0.036741091430142474,0.036741091430142474,0.036741091430142474,0.09204273239620878,0.09204273239620878,0.09204273239620878,0.0,0.0,0.0,40.70428360924695
1959-02-04,36.10170168305361,32.45636585801184,49.37159377937972,36.10170168305361,36.10170168305361,0.13900370293088443,0.13900370293088443,0.13900370293088443,0.0426388334064281,0.0426388334064281,0.0426388334064281,0.09636486952445635,0.09636486952445635,0.09636486952445635,0.0,0.0,0.0,41.11997189910421
1959-02-05,36.14310311192075,32.031554262205866,48.40858506132664,36.14310311192075,36.14310311192075,0.12444365635634691,0.12444365635634691,0.12444365635634691,0.0230357800000188,0.0230357800000188,0.0230357800000188,0.10140787635632811,0.10140787635632811,0.10140787635632811,0.0,0.0,0.0,40.64088301523263
1959-02-06,36.18450454078789,31.68540738338687,48.01370026405163,36.18450454078789,36.18450454078789,0.1072133666225865,0.1072133666225865,0.1072133666225865,0.00021420081238779191,0.00021420081238779191,0.00021420081238779191,0.10699916581019871,0.10699916581019871,0.10699916581019871,0.0,0.0,0.0,40.06396709217603
1959-02-07,36.22590596965503,31.732378888287936,48.71818319555047,36.22590596965503,36.22590596965503,0.09835320443768542,0.09835320443768542,0.09835320443768542,-0.014596621560015857,-0.014596621560015857,-0.014596621560015857,0.11294982599770126,0.11294982599770126,0.11294982599770126,0.0,0.0,0.0,39.78883990542888
1959-02-08,36.26730739852216,30.18428880739387,45.65858012290594,36.26730739852216,36.26730739852216,0.04753335131415471,0.04753335131415471,0.04753335131415471,-0.07152685401130411,-0.07152685401130411,-0.07152685401130411,0.11906020532545881,0.11906020532545881,0.11906020532545881,0.0,0.0,0.0,37.99121406231456
1959-02-09,36.3087088273893,32.32341451806663,49.07251523087473,36.3087088273893,36.3087088273893,0.10861928943296595,0.10861928943296595,0.10861928943296595,-0.016506430077615084,-0.016506430077615084,-0.016506430077615084,0.12512571951058102,0.12512571951058102,0.12512571951058102,0.0,0.0,0.0,40.25253498044879
1959-02-10,36.35011025368564,33.6219893876763,50.84334712812238,36.35011025368564,36.35011025368564,0.16768380971121352,0.16768380971121352,0.16768380971121352,0.036741091430132426,0.036741091430132426,0.036741091430132426,0.1309427182810811,0.1309427182810811,0.1309427182810811,0.0,0.0,0.0,42.44543522444629
1959-02-11,36.391511679981974,35.02964275350891,50.514795421342846,36.391511679981974,36.391511679981974,0.17895308280184463,0.17895308280184463,0.17895308280184463,0.04263883340641794,0.04263883340641794,0.04263883340641794,0.1363142493954267,0.1363142493954267,0.1363142493954267,0.0,0.0,0.0,42.903884882934086
1959-02-12,36.432913106278306,33.86090570579851,50.782881799038066,36.432913106278306,36.432913106278306,0.1640913419986137,0.1640913419986137,0.1640913419986137,0.023035779999997247,0.023035779999997247,0.023035779999997247,0.14105556199861644,0.14105556199861644,0.14105556199861644,0.0,0.0,0.0,42.411238710806394
1959-02-13,36.474314532574645,33.08525693925831,49.47827756290686,36.474314532574645,36.474314532574645,0.1452134008961191,0.1452134008961191,0.1452134008961191,0.0002142008123926717,0.0002142008123926717,0.0002142008123926717,0.1449992000837264,0.1449992000837264,0.1449992000837264,0.0,0.0,0.0,41.770873791204544
1959-02-14,36.515715958870985,33.40097251997613,49.61436371540341,36.515715958870985,36.515715958870985,0.13340292811445342,0.13340292811445342,0.13340292811445342,-0.014596621560027513,-0.014596621560027513,-0.014596621560027513,0.14799954967448092,0.14799954967448092,0.14799954967448092,0.0,0.0,0.0,41.387019389980054
1959-02-15,36.55711738516732,31.1642341746508,47.851904639735764,36.55711738516732,36.55711738516732,0.07840986588623075,0.07840986588623075,0.07840986588623075,-0.07152685401130596,-0.07152685401130596,-0.07152685401130596,0.1499367198975367,0.1499367198975367,0.1499367198975367,0.0,0.0,0.0,39.42355605652548
1959-02-16,36.598518811463656,33.29830706097766,49.37449842232972,36.598518811463656,36.598518811463656,0.13421322780394493,0.13421322780394493,0.13421322780394493,-0.016506430077646295,-0.016506430077646295,-0.016506430077646295,0.15071965788159122,0.15071965788159122,0.15071965788159122,0.0,0.0,0.0,41.51052415399359
1959-02-17,36.63992023775999,35.10751699975625,51.54057620477734,36.63992023775999,36.63992023775999,0.18702951125566586,0.18702951125566586,0.18702951125566586,0.03674109143011728,0.03674109143011728,0.03674109143011728,0.15028841982554858,0.15028841982554858,0.15028841982554858,0.0,0.0,0.0,43.49266661227482
1959-02-18,36.68132166405633,35.290381139996654,51.99621817514219,36.68132166405633,36.68132166405633,0.1912543783747683,0.1912543783747683,0.1912543783747683,0.042638833406413765,0.042638833406413765,0.042638833406413765,0.14861554496835455,0.14861554496835455,0.14861554496835455,0.0,0.0,0.0,43.696785036880335
1959-02-19,36.72272309035266,35.00675385612535,51.243746184727605,36.72272309035266,36.72272309035266,0.1687422848664038,0.1687422848664038,0.1687422848664038,0.023035780000008867,0.023035780000008867,0.023035780000008867,0.14570650486639491,0.14570650486639491,0.14570650486639491,0.0,0.0,0.0,42.91939929113501
1959-02-20,36.764124516649,33.343161918708184,50.401340497622705,36.764124516649,36.764124516649,0.14181342741716352,0.14181342741716352,0.14181342741716352,0.00021420081239042522,0.00021420081239042522,0.00021420081239042522,0.14159922660477312,0.14159922660477312,0.14159922660477312,0.0,0.0,0.0,41.97777102034636
1959-02-21,36.80552594294533,32.536748937610724,48.98357890750931,36.80552594294533,36.80552594294533,0.12176609303031667,0.12176609303031667,0.12176609303031667,-0.014596621560039174,-0.014596621560039174,-0.014596621560039174,0.13636271459035584,0.13636271459035584,0.13636271459035584,0.0,0.0,0.0,41.28719103894374
1959-02-22,36.84692736924167,30.710245930921307,47.3846376916428,36.84692736924167,36.84692736924167,0.05856796665012171,0.05856796665012171,0.05856796665012171,-0.07152685401129943,-0.07152685401129943,-0.07152685401129943,0.13009482066142114,0.13009482066142114,0.13009482066142114,0.0,0.0,0.0,39.00497698256287
1959-02-23,36.88832878438244,32.84181954275274,48.80200538521315,36.88832878438244,36.88832878438244,0.10641280561885011,0.10641280561885011,0.10641280561885011,-0.016506430077628934,-0.016506430077628934,-0.016506430077628934,0.12291923569647904,0.12291923569647904,0.12291923569647904,0.0,0.0,0.0,40.81371934491916
1959-02-24,36.92973019952321,34.71284983221321,51.04735910617221,36.92973019952321,36.92973019952321,0.15172288849043597,0.15172288849043597,0.15172288849043597,0.03674109143012483,0.03674109143012483,0.03674109143012483,0.11498179706031116,0.11498179706031116,0.11498179706031116,0.0,0.0,0.0,42.53281553656736
1959-02-25,36.97113161466398,34.037292167534794,51.03049900843037,36.97113161466398,36.97113161466398,0.14908505791192136,0.14908505791192136,0.14908505791192136,0.042638833406409574,0.042638833406409574,0.042638833406409574,0.10644622450551178,0.10644622450551178,0.10644622450551178,0.0,0.0,0.0,42.482974912505426
1959-02-26,37.01253302980476,32.73870938637911,48.715932985274975,37.01253302980476,37.01253302980476,0.12052519205513956,0.12052519205513956,0.12052519205513956,0.02303577999997073,0.02303577999997073,0.02303577999997073,0.09748941205516884,0.09748941205516884,0.09748941205516884,0.0,0.0,0.0,41.47347568166917
1959-02-27,37.05393444494553,32.68376199768471,48.89672586358042,37.05393444494553,37.05393444494553,0.08851061534265867,0.08851061534265867,0.08851061534265867,0.0002142008123843797,0.0002142008123843797,0.0002142008123843797,0.08829641453027429,0.08829641453027429,0.08829641453027429,0.0,0.0,0.0,40.3336009835342
1959-02-28,37.0953358600863,31.468951288516223,47.889916554178306,37.0953358600863,37.0953358600863,0.06445865290676304,0.06445865290676304,0.06445865290676304,-0.01459662155999744,-0.01459662155999744,-0.01459662155999744,0.07905527446676049,0.07905527446676049,0.07905527446676049,0.0,0.0,0.0,39.4864512387514
1959-03-01,37.13673727522707,28.66948293849933,45.526093639356674,37.13673727522707,37.13673727522707,-0.0015750159870965823,-0.0015750159870965823,-0.0015750159870965823,-0.07152685401130664,-0.07152685401130664,-0.07152685401130664,0.06995183802421005,0.06995183802421005,0.06995183802421005,0.0,0.0,0.0,37.07824632030999
1959-03-02,37.17813869036784,30.851919554321572,47.23036676904381,37.17813869036784,37.17813869036784,0.04465827699729592,0.04465827699729592,0.04465827699729592,-0.016506430077611562,-0.016506430077611562,-0.016506430077611562,0.06116470707490748,0.06116470707490748,0.06116470707490748,0.0,0.0,0.0,38.838450306246166
1959-03-03,37.219540105508614,32.52054487610603,49.10873648556873,37.219540105508614,37.219540105508614,0.08960156048615901,0.08960156048615901,0.08960156048615901,0.036741091430132364,0.036741091430132364,0.036741091430132364,0.05286046905602664,0.05286046905602664,0.05286046905602664,0.0,0.0,0.0,40.554468979539365
1959-03-04,37.26094152064938,31.67861732590533,48.61036100351832,37.26094152064938,37.26094152064938,0.08782816997192501,0.08782816997192501,0.08782816997192501,0.04263883340641838,0.04263883340641838,0.04263883340641838,0.04518933656550663,0.04518933656550663,0.04518933656550663,0.0,0.0,0.0,40.53350182583893
1959-03-05,37.30234293579016,31.23221465331213,48.22521130484827,37.30234293579016,37.30234293579016,0.06131709539566641,0.06131709539566641,0.06131709539566641,0.02303577999999005,0.02303577999999005,0.02303577999999005,0.03828131539567636,0.03828131539567636,0.03828131539567636,0.0,0.0,0.0,39.589614256065865
1959-03-06,37.34374435093093,30.282033134451908,47.239051366457595,37.34374435093093,37.34374435093093,0.03245720395387051,0.03245720395387051,0.03245720395387051,0.00021420081238212978,0.00021420081238212978,0.00021420081238212978,0.032243003141488376,0.032243003141488376,0.032243003141488376,0.0,0.0,0.0,38.55581787773029
1959-03-07,37.38514576607171,29.930536464019752,46.182401770016035,37.38514576607171,37.38514576607171,0.012558479639136071,0.012558479639136071,0.012558479639136071,-0.01459662156001219,-0.01459662156001219,-0.01459662156001219,0.02715510119914826,0.02715510119914826,0.02715510119914826,0.0,0.0,0.0,37.85464635798105
1959-03-08,37.426547181279034,27.246160487828384,43.87970509852625,37.426547181279034,37.426547181279034,-0.04845615254416305,-0.04845615254416305,-0.04845615254416305,-0.0715268540113001,-0.0715268540113001,-0.0715268540113001,0.02307070146713705,0.02307070146713705,0.02307070146713705,0.0,0.0,0.0,35.613000701861665
1959-03-09,37.46794859648636,29.63322959351088,46.341662646146766,37.46794859648636,37.46794859648636,0.0035079559386627405,0.0035079559386627405,0.0035079559386627405,-0.01650643007758146,-0.01650643007758146,-0.01650643007758146,0.020014386016244202,0.020014386016244202,0.020014386016244202,0.0,0.0,0.0,37.59938450927492
1959-03-10,37.50935001169368,31.42730387064537,47.66032203046825,37.50935001169368,37.50935001169368,0.054723245518443944,0.054723245518443944,0.054723245518443944,0.036741091430137346,0.036741091430137346,0.036741091430137346,0.017982154088306602,0.017982154088306602,0.017982154088306602,0.0,0.0,0.0,39.561983381620834
1959-03-11,37.55075142690101,32.09196262357394,47.93021046343438,37.55075142690101,37.55075142690101,0.059581000120982636,0.059581000120982636,0.059581000120982636,0.04263883340640822,0.04263883340640822,0.04263883340640822,0.016942166714574415,0.016942166714574415,0.016942166714574415,0.0,0.0,0.0,39.78806275221019
1959-03-12,37.59215284210833,30.18919965189267,47.63613993513128,37.59215284210833,37.59215284210833,0.03987205571366973,0.03987205571366973,0.03987205571366973,0.023035779999992775,0.023035779999992775,0.023035779999992775,0.016836275713676956,0.016836275713676956,0.016836275713676956,0.0,0.0,0.0,39.09102925462566
1959-03-13,37.63355425731565,29.777760309651168,47.3839826462672,37.63355425731565,37.63355425731565,0.01779648232604155,0.01779648232604155,0.01779648232604155,0.0002142008123798833,0.0002142008123798833,0.0002142008123798833,0.017582281513661667,0.017582281513661667,0.017582281513661667,0.0,0.0,0.0,38.30329914052209
1959-03-14,37.674955672522984,29.776176989469448,45.08803886862971,37.674955672522984,37.674955672522984,0.004480222219954245,0.004480222219954245,0.004480222219954245,-0.014596621560023854,-0.014596621560023854,-0.014596621560023854,0.0190768437799781,0.0190768437799781,0.0190768437799781,0.0,0.0,0.0,37.84374784606281
1959-03-15,37.7163570877303,27.457526708134036,44.40771818058786,37.7163570877303,37.7163570877303,-0.05032790321096753,-0.05032790321096753,-0.05032790321096753,-0.0715268540113073,-0.0715268540113073,-0.0715268540113073,0.021198950800339775,0.021198950800339775,0.021198950800339775,0.0,0.0,0.0,35.81817191874872
1959-03-16,37.75775850293763,29.636512376185014,46.045443174207435,37.75775850293763,37.75775850293763,0.007307408402795394,0.007307408402795394,0.007307408402795394,-0.016506430077648557,-0.016506430077648557,-0.016506430077648557,0.023813838480443952,0.023813838480443952,0.023813838480443952,0.0,0.0,0.0,38.03366986469271
1959-03-17,37.79915991814495,32.21249836502101,49.20372722022632,37.79915991814495,37.79915991814495,0.06351832948555498,0.06351832948555498,0.06351832948555498,0.03674109143014489,0.03674109143014489,0.03674109143014489,0.026777238055410095,0.026777238055410095,0.026777238055410095,0.0,0.0,0.0,40.200099412102865
1959-03-18,37.84056133335228,32.756428065166354,48.46226731942531,37.84056133335228,37.84056133335228,0.07257865693890311,0.07257865693890311,0.07257865693890311,0.042638833406441964,0.042638833406441964,0.042638833406441964,0.029939823532461156,0.029939823532461156,0.029939823532461156,0.0,0.0,0.0,40.58697845274117
1959-03-19,37.881962748559594,32.56620273508834,48.01083399603992,37.881962748559594,37.881962748559594,0.05618750565373996,0.05618750565373996,0.05618750565373996,0.023035779999987807,0.023035779999987807,0.023035779999987807,0.03315172565375215,0.03315172565375215,0.03315172565375215,0.0,0.0,0.0,40.01045574466905
1959-03-20,37.92336416376693,30.792209795977662,47.60219336229266,37.92336416376693,37.92336416376693,0.03648117970411556,0.03648117970411556,0.03648117970411556,0.00021420081237763337,0.00021420081237763337,0.00021420081237763337,0.036266978891737925,0.036266978891737925,0.036266978891737925,0.0,0.0,0.0,39.30685322680993
1959-03-21,37.96476559154437,30.42648022324148,46.76881190595241,37.96476559154437,37.96476559154437,0.024551150075782322,0.024551150075782322,0.024551150075782322,-0.014596621560010365,-0.014596621560010365,-0.014596621560010365,0.03914777163579269,0.03914777163579269,0.03914777163579269,0.0,0.0,0.0,38.89684424917427
1959-03-22,38.00616701932181,28.59648389864214,45.87081832476406,38.00616701932181,38.00616701932181,-0.029858476858466976,-0.029858476858466976,-0.029858476858466976,-0.07152685401130075,-0.07152685401130075,-0.07152685401130075,0.04166837715283378,0.04166837715283378,0.04166837715283378,0.0,0.0,0.0,36.87136076089636
1959-03-23,38.04756844709925,30.924474182653515,48.05370732501197,38.04756844709925,38.04756844709925,0.027212223777085973,0.027212223777085973,0.027212223777085973,-0.016506430077631182,-0.016506430077631182,-0.016506430077631182,0.043718653854717154,0.043718653854717154,0.043718653854717154,0.0,0.0,0.0,39.08292739385571
1959-03-24,38.088969874876696,33.06156272967777,49.365156731584314,38.088969874876696,38.088969874876696,0.08194810895558952,0.08194810895558952,0.08194810895558952,0.03674109143015243,0.03674109143015243,0.03674109143015243,0.0452070175254371,0.0452070175254371,0.0452070175254371,0.0,0.0,0.0,41.21028892818926
1959-03-25,38.13037130265414,33.29299847703243,49.82365061520894,38.13037130265414,38.13037130265414,0.08870163841246335,0.08870163841246335,0.08870163841246335,0.04263883340641882,0.04263883340641882,0.04263883340641882,0.04606280500604453,0.04606280500604453,0.04606280500604453,0.0,0.0,0.0,41.512597710475134
1959-03-26,38.171772730431584,32.15226375951554,48.59355369318688,38.171772730431584,38.171772730431584,0.06927374788286506,0.06927374788286506,0.06927374788286506,0.023035779999982842,0.023035779999982842,0.023035779999982842,0.0462379678828822,0.0462379678828822,0.0462379678828822,0.0,0.0,0.0,40.816074490801526
1959-03-27,38.21317415820902,30.99617024493432,48.82461676179571,38.21317415820902,38.21317415820902,0.04592225620395271,0.04592225620395271,0.04592225620395271,0.00021420081237872104,0.00021420081237872104,0.00021420081237872104,0.04570805539157399,0.04570805539157399,0.04570805539157399,0.0,0.0,0.0,39.968009332268565
1959-03-28,38.254575585986466,30.577353793124843,47.26988627333775,38.254575585986466,38.254575585986466,0.029875845848678636,0.029875845848678636,0.029875845848678636,-0.014596621560018928,-0.014596621560018928,-0.014596621560018928,0.044472467408697564,0.044472467408697564,0.044472467408697564,0.0,0.0,0.0,39.39746338920002
1959-03-29,38.29597701376391,28.86923360393164,45.25226814816184,38.29597701376391,38.29597701376391,-0.028972873606703208,-0.028972873606703208,-0.028972873606703208,-0.07152685401130263,-0.07152685401130263,-0.07152685401130263,0.042553980404599415,0.042553980404599415,0.042553980404599415,0.0,0.0,0.0,37.18643251209892
1959-03-30,38.337378441541354,31.355129381946817,47.8066479186056,38.337378441541354,38.337378441541354,0.02349114084010097,0.02349114084010097,0.02349114084010097,-0.016506430077613807,-0.016506430077613807,-0.016506430077613807,0.039997570917714775,0.039997570917714775,0.039997570917714775,0.0,0.0,0.0,39.23796719795185
1959-03-31,38.3787798693188,32.903884528870634,49.26664442344517,38.3787798693188,38.3787798693188,0.073609673271978,0.073609673271978,0.073609673271978,0.036741091430139844,0.036741091430139844,0.036741091430139844,0.03686858184183815,0.03686858184183815,0.03686858184183815,0.0,0.0,0.0,41.20382931607652
1959-04-01,38.420181297096235,32.9404470787685,49.40343284061646,38.420181297096235,38.420181297096235,0.07588912939091758,0.07588912939091758,0.07588912939091758,0.04263883340642763,0.04263883340642763,0.04263883340642763,0.03325029598448995,0.03325029598448995,0.03325029598448995,0.0,0.0,0.0,41.33585540677409
1959-04-02,38.46158272487368,31.818233913367596,48.981820649170665,38.46158272487368,38.46158272487368,0.052276778399266255,0.052276778399266255,0.052276778399266255,0.023035780000002157,0.023035780000002157,0.023035780000002157,0.029240998399264095,0.029240998399264095,0.029240998399264095,0.0,0.0,0.0,40.47223036186695
1959-04-03,38.50298415265113,31.263905052071294,47.75807653746855,38.50298415265113,38.50298415265113,0.02516482424084263,0.02516482424084263,0.02516482424084263,0.00021420081238739466,0.00021420081238739466,0.00021420081238739466,0.024950623428455235,0.024950623428455235,0.024950623428455235,0.0,0.0,0.0,39.471904981600545
1959-04-04,38.54438556700265,30.912709169058978,47.41123671319462,38.54438556700265,38.54438556700265,0.005900472244972126,0.005900472244972126,0.005900472244972126,-0.014596621560008537,-0.014596621560008537,-0.014596621560008537,0.020497093804980663,0.020497093804980663,0.020497093804980663,0.0,0.0,0.0,38.77181564424025
1959-04-05,38.58578698135417,27.88622396938329,44.701705337940105,38.58578698135417,38.58578698135417,-0.05552438677135947,-0.05552438677135947,-0.05552438677135947,-0.07152685401130982,-0.07152685401130982,-0.07152685401130982,0.01600246723995034,0.01600246723995034,0.01600246723995034,0.0,0.0,0.0,36.44333482112417
1959-04-06,38.627188395705694,29.868404907084177,46.79978212429107,38.627188395705694,38.627188395705694,-0.004917419627691582,-0.004917419627691582,-0.004917419627691582,-0.016506430077596435,-0.016506430077596435,-0.016506430077596435,0.011589010449904853,0.011589010449904853,0.011589010449904853,0.0,0.0,0.0,38.437242301326116
1959-04-07,38.66858981005721,31.839224547630725,49.0053473589135,38.66858981005721,38.66858981005721,0.044116412880118805,0.044116412880118805,0.044116412880118805,0.03674109143012724,0.03674109143012724,0.03674109143012724,0.0073753214499915586,0.0073753214499915586,0.0073753214499915586,0.0,0.0,0.0,40.374509283609655
1959-04-08,38.70999122440873,32.4858308230952,48.4981498176964,38.70999122440873,38.70999122440873,0.046111451566653895,0.046111451566653895,0.046111451566653895,0.042638833406436434,0.042638833406436434,0.042638833406436434,0.003472618160217461,0.003472618160217461,0.003472618160217461,0.0,0.0,0.0,40.49496510989865
1959-04-09,38.75139263876025,31.36282797327401,48.10699617625987,38.75139263876025,38.75139263876025,0.02301708505434339,0.02301708505434339,0.02301708505434339,0.02303577999999719,0.02303577999999719,0.02303577999999719,-1.869494565379798e-05,-1.869494565379798e-05,-1.869494565379798e-05,0.0,0.0,0.0,39.64333673910085
1959-04-10,38.79279405311177,30.739219832563805,46.267173259724885,38.79279405311177,38.79279405311177,-0.0027978792436878838,-0.0027978792436878838,-0.0027978792436878838,0.00021420081238514126,0.00021420081238514126,0.00021420081238514126,-0.003012080056073025,-0.003012080056073025,-0.003012080056073025,0.0,0.0,0.0,38.684256499825906
1959-04-11,38.83419546746329,29.300319886261544,46.120404976241275,38.83419546746329,38.83419546746329,-0.020034071210510093,-0.020034071210510093,-0.020034071210510093,-0.014596621560017096,-0.014596621560017096,-0.014596621560017096,-0.005437449650492997,-0.005437449650492997,-0.005437449650492997,0.0,0.0,0.0,38.05618843006526
1959-04-12,38.87559688181481,26.8754142896518,44.39271334962146,38.87559688181481,38.87559688181481,-0.07877006033904688,-0.07877006033904688,-0.07877006033904688,-0.07152685401130024,-0.07152685401130024,-0.07152685401130024,-0.007243206327746648,-0.007243206327746648,-0.007243206327746648,0.0,0.0,0.0,35.813363769717796
1959-04-13,38.91699829616633,30.081008664213304,46.41408013369437,38.91699829616633,38.91699829616633,-0.024904112056219355,-0.024904112056219355,-0.024904112056219355,-0.016506430077627657,-0.016506430077627657,-0.016506430077627657,-0.008397681978591698,-0.008397681978591698,-0.008397681978591698,0.0,0.0,0.0,37.947805009706904
1959-04-14,38.958399710517845,31.69746546733286,47.92646107592862,38.958399710517845,38.958399710517845,0.027851153047640277,0.027851153047640277,0.027851153047640277,0.036741091430152355,0.036741091430152355,0.036741091430152355,-0.008889938382512074,-0.008889938382512074,-0.008889938382512074,0.0,0.0,0.0,40.04343606334662
1959-04-15,38.99980112486937,31.97677216970214,49.06127591762834,38.99980112486937,38.99980112486937,0.033908922168169285,0.033908922168169285,0.033908922168169285,0.04263883340643226,0.04263883340643226,0.04263883340643226,-0.008729911238262972,-0.008729911238262972,-0.008729911238262972,0.0,0.0,0.0,40.32224234578665
1959-04-16,39.04120253922088,31.308658045121344,47.96431992371636,39.04120253922088,39.04120253922088,0.015087880050141637,0.015087880050141637,0.015087880050141637,0.023035779999992227,0.023035779999992227,0.023035779999992227,-0.007947899949850588,-0.007947899949850588,-0.007947899949850588,0.0,0.0,0.0,39.63025152014593
1959-04-17,39.08260396102284,30.693840150462485,47.235529686668684,39.08260396102284,39.08260396102284,-0.006379224753421293,-0.006379224753421293,-0.006379224753421293,0.00021420081238288785,0.00021420081238288785,0.00021420081238288785,-0.006593425565804181,-0.006593425565804181,-0.006593425565804181,0.0,0.0,0.0,38.83328724640652
1959-04-18,39.12400538282479,29.947282493101145,47.10635908203426,39.12400538282479,39.12400538282479,-0.01933012006297246,-0.01933012006297246,-0.01933012006297246,-0.014596621560003608,-0.014596621560003608,-0.014596621560003608,-0.004733498502968853,-0.004733498502968853,-0.004733498502968853,0.0,0.0,0.0,38.36773366143041
1959-04-19,39.16540680462674,28.40380541370398,44.65760983665534,39.16540680462674,39.16540680462674,-0.07397720950834281,-0.07397720950834281,-0.07397720950834281,-0.0715268540113021,-0.0715268540113021,-0.0715268540113021,-0.0024503554970407085,-0.0024503554970407085,-0.0024503554970407085,0.0,0.0,0.0,36.26805929996139
1959-04-20,39.20680822642869,30.05758126154247,47.29449713505611,39.20680822642869,39.20680822642869,-0.01634517115726618,-0.01634517115726618,-0.01634517115726618,-0.016506430077610285,-0.016506430077610285,-0.016506430077610285,0.00016125892034410394,0.00016125892034410394,0.00016125892034410394,0.0,0.0,0.0,38.5659662354376
1959-04-21,39.24820964823065,32.783614312577676,48.813913808399775,39.24820964823065,39.24820964823065,0.03973826911490533,0.03973826911490533,0.03973826911490533,0.03674109143012474,0.03674109143012474,0.03674109143012474,0.0029971776847805874,0.0029971776847805874,0.0029971776847805874,0.0,0.0,0.0,40.80786556551026
1959-04-22,39.2896110700326,32.47862815227401,49.398944756845246,39.2896110700326,39.2896110700326,0.048585997260103056,0.048585997260103056,0.048585997260103056,0.04263883340642807,0.04263883340642807,0.04263883340642807,0.005947163853674987,0.005947163853674987,0.005947163853674987,0.0,0.0,0.0,41.19853600583172
1959-04-23,39.33101249183455,31.675380067918862,48.46753728595604,39.33101249183455,39.33101249183455,0.03193420381141346,0.03193420381141346,0.03193420381141346,0.023035780000019233,0.023035780000019233,0.023035780000019233,0.008898423811394222,0.008898423811394222,0.008898423811394222,0.0,0.0,0.0,40.58701706085804
1959-04-24,39.3724139136365,31.55468117287923,48.31930640691064,39.3724139136365,39.3724139136365,0.011953370839084926,0.011953370839084926,0.011953370839084926,0.0002142008123877711,0.0002142008123877711,0.0002142008123877711,0.011739170026697155,0.011739170026697155,0.011739170026697155,0.0,0.0,0.0,39.843046977976144
1959-04-25,39.41381533543845,31.020643135413252,47.55416303356587,39.41381533543845,39.41381533543845,-0.0002344999122895139,-0.0002344999122895139,-0.0002344999122895139,-0.014596621560015264,-0.014596621560015264,-0.014596621560015264,0.01436212164772575,0.01436212164772575,0.01436212164772575,0.0,0.0,0.0,39.40457279919929
1959-04-26,39.4552167572404,29.183461236277886,45.64779464838801,39.4552167572404,39.4552167572404,-0.05485902006352888,-0.05485902006352888,-0.05485902006352888,-0.07152685401130396,-0.07152685401130396,-0.07152685401130396,0.016667833947775074,0.016667833947775074,0.016667833947775074,0.0,0.0,0.0,37.29074222954407
1959-04-27,39.49661817904236,30.60418752765364,47.47526919442432,39.49661817904236,39.49661817904236,0.002061323627124287,0.002061323627124287,0.002061323627124287,-0.01650643007762878,-0.01650643007762878,-0.01650643007762878,0.018567753704753068,0.018567753704753068,0.018567753704753068,0.0,0.0,0.0,39.57803349128633
1959-04-28,39.53801960084431,33.275403586045314,49.90561345202227,39.53801960084431,39.53801960084431,0.056727998235197315,0.056727998235197315,0.056727998235197315,0.03674109143014986,0.03674109143014986,0.03674109143014986,0.019986906805047458,0.019986906805047458,0.019986906805047458,0.0,0.0,0.0,41.780932306984205
1959-04-29,39.57942102264626,33.95188101894362,50.853245743109774,39.57942102264626,39.57942102264626,0.06350496981745059,0.06350496981745059,0.06350496981745059,0.042638833406417914,0.042638833406417914,0.042638833406417914,0.020866136411032677,0.020866136411032677,0.020866136411032677,0.0,0.0,0.0,42.092910960081575
1959-04-30,39.62082245038108,32.85370859660101,49.78505670963653,39.62082245038108,39.62082245038108,0.0441996045364069,0.0441996045364069,0.0441996045364069,0.02303577999999768,0.02303577999999768,0.02303577999999768,0.021163824536409213,0.021163824536409213,0.021163824536409213,0.0,0.0,0.0,41.37204713409511
1959-05-01,39.66222387811591,32.49862339171715,49.27653118382743,39.66222387811591,39.66222387811591,0.021071247191651415,0.021071247191651415,0.021071247191651415,0.00021420081238172906,0.00021420081238172906,0.00021420081238172906,0.020857046379269686,0.020857046379269686,0.020857046379269686,0.0,0.0,0.0,40.49795640162231
1959-05-02,39.703625305850736,31.59870033336472,47.753789301541325,39.703625305850736,39.703625305850736,0.005345503192684797,0.005345503192684797,0.005345503192684797,-0.014596621560030023,-0.014596621560030023,-0.014596621560030023,0.01994212475271482,0.01994212475271482,0.01994212475271482,0.0,0.0,0.0,39.91586116168432
1959-05-03,39.74502673358556,29.42307328818629,45.531987211182994,39.74502673358556,39.74502673358556,-0.053092283143019184,-0.053092283143019184,-0.053092283143019184,-0.0715268540113058,-0.0715268540113058,-0.0715268540113058,0.01843457086828663,0.01843457086828663,0.01843457086828663,0.0,0.0,0.0,37.63487252071917
1959-05-04,39.78642816132039,31.729310569137905,48.26656401148666,39.78642816132039,39.78642816132039,-0.0001380130946291632,-0.0001380130946291632,-0.0001380130946291632,-0.016506430077660006,-0.016506430077660006,-0.016506430077660006,0.01636841698303084,0.01636841698303084,0.01636841698303084,0.0,0.0,0.0,39.780937113245606
1959-05-05,39.82782958905521,33.24182623030886,50.486794126866805,39.82782958905521,39.82782958905521,0.05053605685280076,0.05053605685280076,0.05053605685280076,0.03674109143011713,0.03674109143011713,0.03674109143011713,0.013794965422683627,0.013794965422683627,0.013794965422683627,0.0,0.0,0.0,41.84057104949137
1959-05-06,39.86923101679004,33.800992759412416,49.930422851000664,39.86923101679004,39.86923101679004,0.05341983006417381,0.05341983006417381,0.05341983006417381,0.04263883340641374,0.04263883340641374,0.04263883340641374,0.010780996657760073,0.010780996657760073,0.010780996657760073,0.0,0.0,0.0,41.999038562496246
1959-05-07,39.910632444524865,32.73444607765902,49.173502160174884,39.910632444524865,39.910632444524865,0.030442275879562088,0.030442275879562088,0.030442275879562088,0.023035779999992716,0.023035779999992716,0.023035779999992716,0.0074064958795693695,0.0074064958795693695,0.0074064958795693695,0.0,0.0,0.0,41.125602927928895
1959-05-08,39.95203387225969,31.888943108620108,48.20611922167238,39.95203387225969,39.95203387225969,0.0039761731989006,0.0039761731989006,0.0039761731989006,0.00021420081239040614,0.00021420081239040614,0.00021420081239040614,0.0037619723865101942,0.0037619723865101942,0.0037619723865101942,0.0,0.0,0.0,40.110890078584134
1959-05-09,39.993435299994516,31.114679501835354,47.19467701870383,39.993435299994516,39.993435299994516,-0.014651162963780471,-0.014651162963780471,-0.014651162963780471,-0.014596621560041677,-0.014596621560041677,-0.014596621560041677,-5.45414037387941e-05,-5.45414037387941e-05,-5.45414037387941e-05,0.0,0.0,0.0,39.40748496193289
1959-05-10,40.03483672772934,29.21753416754194,45.086820566903846,40.03483672772934,40.03483672772934,-0.07546756874507266,-0.07546756874507266,-0.07546756874507266,-0.07152685401129928,-0.07152685401129928,-0.07152685401129928,-0.003940714733773362,-0.003940714733773362,-0.003940714733773362,0.0,0.0,0.0,37.01350493478167
1959-05-11,40.076238155464175,31.118131202758615,47.12961054964567,40.076238155464175,40.076238155464175,-0.024299693838399312,-0.024299693838399312,-0.024299693838399312,-0.01650643007761718,-0.01650643007761718,-0.01650643007761718,-0.00779326376078213,-0.00779326376078213,-0.00779326376078213,0.0,0.0,0.0,39.10239783809162
1959-05-12,40.117639583198994,33.60564355492489,49.49262914471122,40.117639583198994,40.117639583198994,0.025229780963058543,0.025229780963058543,0.025229780963058543,0.036741091430124675,0.036741091430124675,0.036741091430124675,-0.011511310467066134,-0.011511310467066134,-0.011511310467066134,0.0,0.0,0.0,41.12979884263803
1959-05-13,40.15904101269803,33.325132324732586,49.79722878846096,40.15904101269803,40.15904101269803,0.027639185165478218,0.027639185165478218,0.027639185165478218,0.042638833406409546,0.042638833406409546,0.042638833406409546,-0.014999648240931326,-0.014999648240931326,-0.014999648240931326,0.0,0.0,0.0,41.26900418331603
1959-05-14,40.20044244219708,32.59827549709537,49.03681287527878,40.20044244219708,40.20044244219708,0.004863969691389241,0.004863969691389241,0.004863969691389241,0.023035779999987748,0.023035779999987748,0.023035779999987748,-0.018171810308598508,-0.018171810308598508,-0.018171810308598508,0.0,0.0,0.0,40.395976175816365
1959-05-15,40.24184387169612,31.60624908553773,48.154145260974765,40.24184387169612,40.24184387169612,-0.02073864278152934,-0.02073864278152934,-0.02073864278152934,0.00021420081238436237,0.00021420081238436237,0.00021420081238436237,-0.0209528435939137,-0.0209528435939137,-0.0209528435939137,0.0,0.0,0.0,39.40728264677094
1959-05-16,40.28324530119515,30.131690754738628,46.28344553975606,40.28324530119515,40.28324530119515,-0.03787832156728246,-0.03787832156728246,-0.03787832156728246,-0.014596621559999941,-0.014596621559999941,-0.014596621559999941,-0.02328170000728252,-0.02328170000728252,-0.02328170000728252,0.0,0.0,0.0,38.757383581902765
1959-05-17,40.3246467306942,27.96930609878507,44.84950285973604,40.3246467306942,40.3246467306942,-0.09664002333405824,-0.09664002333405824,-0.09664002333405824,-0.07152685401130114,-0.07152685401130114,-0.07152685401130114,-0.025113169322757103,-0.025113169322757103,-0.025113169322757103,0.0,0.0,0.0,36.42767192970225
1959-05-18,40.36604816019324,30.713103468706112,46.371000283131536,40.36604816019324,40.36604816019324,-0.04292572239303207,-0.04292572239303207,-0.04292572239303207,-0.01650643007761253,-0.01650643007761253,-0.01650643007761253,-0.02641929231541954,-0.02641929231541954,-0.02641929231541954,0.0,0.0,0.0,38.63330638276502
1959-05-19,40.40744958969227,32.29807348461988,48.46315776494595,40.40744958969227,40.40744958969227,0.009550882181320566,0.009550882181320566,0.009550882181320566,0.03674109143013221,0.03674109143013221,0.03674109143013221,-0.027190209248811645,-0.027190209248811645,-0.027190209248811645,0.0,0.0,0.0,40.79337637997107
1959-05-20,40.448851019191316,32.491102779269184,48.64751692903247,40.448851019191316,40.448851019191316,0.015204416789287724,0.015204416789287724,0.015204416789287724,0.042638833406437315,0.042638833406437315,0.042638833406437315,-0.02743441661714959,-0.02743441661714959,-0.02743441661714959,0.0,0.0,0.0,41.06385220873491
1959-05-21,40.490252448690356,32.68192763959479,48.60690817921785,40.490252448690356,40.490252448690356,-0.004142643707687334,-0.004142643707687334,-0.004142643707687334,0.023035780000007063,0.023035780000007063,0.023035780000007063,-0.027178423707694396,-0.027178423707694396,-0.027178423707694396,0.0,0.0,0.0,40.322515759161114
1959-05-22,40.531653878189395,30.625320542673037,47.20460505864953,40.531653878189395,40.531653878189395,-0.026251618666608988,-0.026251618666608988,-0.026251618666608988,0.0002142008123821055,0.0002142008123821055,0.0002142008123821055,-0.02646581947899109,-0.02646581947899109,-0.02646581947899109,0.0,0.0,0.0,39.46763235665218
1959-05-23,40.573055307688435,31.2762237093363,47.3598724515298,40.573055307688435,40.573055307688435,-0.039952400425598084,-0.039952400425598084,-0.039952400425598084,-0.014596621560011607,-0.014596621560011607,-0.014596621560011607,-0.02535577886558648,-0.02535577886558648,-0.02535577886558648,0.0,0.0,0.0,38.95206435554573
1959-05-24,40.614456737187474,28.129610620258074,45.0999041532399,40.614456737187474,40.614456737187474,-0.09544790935570518,-0.09544790935570518,-0.09544790935570518,-0.07152685401129995,-0.07152685401129995,-0.07152685401129995,-0.02392105534440525,-0.02392105534440525,-0.02392105534440525,0.0,0.0,0.0,36.73789175200519
1959-05-25,40.65585816668652,31.373859004815817,46.9206396120141,40.65585816668652,40.65585816668652,-0.038751952961760296,-0.038751952961760296,-0.038751952961760296,-0.01650643007758244,-0.01650643007758244,-0.01650643007758244,-0.022245522884177853,-0.022245522884177853,-0.022245522884177853,0.0,0.0,0.0,39.08036426339109
1959-05-26,40.69725958789023,32.422600862003264,49.59097261321745,40.69725958789023,40.69725958789023,0.016319746687079455,0.016319746687079455,0.016319746687079455,0.03674109143013721,0.03674109143013721,0.03674109143013721,-0.02042134474305775,-0.02042134474305775,-0.02042134474305775,0.0,0.0,0.0,41.361428555222915
1959-05-27,40.738661009093946,33.790374673411975,50.162220993528486,40.738661009093946,40.738661009093946,0.024092974870482953,0.024092974870482953,0.024092974870482953,0.042638833406427164,0.042638833406427164,0.042638833406427164,-0.01854585853594421,-0.01854585853594421,-0.01854585853594421,0.0,0.0,0.0,41.720176545043174
1959-05-28,40.780062430297654,33.40905712528557,49.27989854832089,40.780062430297654,40.780062430297654,0.006317503809854228,0.006317503809854228,0.006317503809854228,0.02303577999999321,0.02303577999999321,0.02303577999999321,-0.01671827619013898,-0.01671827619013898,-0.01671827619013898,0.0,0.0,0.0,41.037690630067154
1959-05-29,40.82146385150137,32.155549686906,48.308201568466934,40.82146385150137,40.82146385150137,-0.014822102745140456,-0.014822102745140456,-0.014822102745140456,0.00021420081239078084,0.00021420081239078084,0.00021420081239078084,-0.015036303557531237,-0.015036303557531237,-0.015036303557531237,0.0,0.0,0.0,40.21640392008738
1959-05-30,40.86286527270508,31.33937284741091,48.39357588240528,40.86286527270508,40.86286527270508,-0.02818940891926476,-0.02818940891926476,-0.02818940891926476,-0.01459662156002326,-0.01459662156002326,-0.01459662156002326,-0.013592787359241501,-0.013592787359241501,-0.013592787359241501,0.0,0.0,0.0,39.71096525391997
1959-05-31,40.904266693908795,29.095876670806046,45.57317328574097,40.904266693908795,40.904266693908795,-0.08399935071907533,-0.08399935071907533,-0.08399935071907533,-0.07152685401130181,-0.07152685401130181,-0.07152685401130181,-0.012472496707773516,-0.012472496707773516,-0.012472496707773516,0.0,0.0,0.0,37.46833484998056
1959-06-01,40.94566811511251,31.546748973770733,47.7158119831171,40.94566811511251,40.94566811511251,-0.02825557276671136,-0.02825557276671136,-0.02825557276671136,-0.01650643007764954,-0.01650643007764954,-0.01650643007764954,-0.011749142689061822,-0.011749142689061822,-0.011749142689061822,0.0,0.0,0.0,39.788724810204336
1959-06-02,40.98706953631622,33.8599807786107,50.70522424605862,40.98706953631622,40.98706953631622,0.025258358930163455,0.025258358930163455,0.025258358930163455,0.03674109143014474,0.03674109143014474,0.03674109143014474,-0.011482732499981285,-0.011482732499981285,-0.011482732499981285,0.0,0.0,0.0,42.02233565016006
1959-06-03,41.028470957519936,34.51572884681702,50.66608848316365,41.028470957519936,41.028470957519936,0.030921488773695504,0.030921488773695504,0.030921488773695504,0.04263883340642298,0.04263883340642298,0.04263883340642298,-0.011717344632727472,-0.011717344632727472,-0.011717344632727472,0.0,0.0,0.0,42.29713236163478
1959-06-04,41.069872378723645,32.395194115442024,50.032373985237776,41.069872378723645,41.069872378723645,0.010556381124930347,0.010556381124930347,0.010556381124930347,0.023035780000004828,0.023035780000004828,0.023035780000004828,-0.01247939887507448,-0.01247939887507448,-0.01247939887507448,0.0,0.0,0.0,41.5034216043057
1959-06-05,41.11127379992735,32.79744439905621,48.99886137597596,41.11127379992735,41.11127379992735,-0.013562279026114444,-0.013562279026114444,-0.013562279026114444,0.00021420081238852917,0.00021420081238852917,0.00021420081238852917,-0.013776479838502973,-0.013776479838502973,-0.013776479838502973,0.0,0.0,0.0,40.553711233533754
1959-06-06,41.15267522113107,31.316533642007577,48.38499485030425,41.15267522113107,41.15267522113107,-0.030193377348835322,-0.030193377348835322,-0.030193377348835322,-0.014596621560006668,-0.014596621560006668,-0.014596621560006668,-0.015596755788828649,-0.015596755788828649,-0.015596755788828649,0.0,0.0,0.0,39.910136969265395
1959-06-07,41.194076642334785,29.349950909721894,45.63890207574052,41.194076642334785,41.194076642334785,-0.08943587026179355,-0.08943587026179355,-0.08943587026179355,-0.07152685401129526,-0.07152685401129526,-0.07152685401129526,-0.017909016250498292,-0.017909016250498292,-0.017909016250498292,0.0,0.0,0.0,37.50984854819655
1959-06-08,41.235478073321204,31.48122744999609,47.55651927697137,41.235478073321204,41.235478073321204,-0.03716976281960807,-0.03716976281960807,-0.03716976281960807,-0.01650643007763216,-0.01650643007763216,-0.01650643007763216,-0.020663332741975914,-0.020663332741975914,-0.020663332741975914,0.0,0.0,0.0,39.70276513358271
1959-06-09,41.276879504307615,33.40271260043004,50.144765581124254,41.276879504307615,41.276879504307615,0.012948763771231131,0.012948763771231131,0.012948763771231131,0.036741091430152285,0.036741091430152285,0.036741091430152285,-0.023792327658921156,-0.023792327658921156,-0.023792327658921156,0.0,0.0,0.0,41.81136406622247
1959-06-10,41.31828093529403,33.48715253880987,50.63472726924577,41.31828093529403,41.31828093529403,0.015425816061804742,0.015425816061804742,0.015425816061804742,0.0426388334064188,0.0426388334064188,0.0426388334064188,-0.02721301734461406,-0.02721301734461406,-0.02721301734461406,0.0,0.0,0.0,41.95564913699185
1959-06-11,41.359682366280445,33.60505690827469,49.10731138209401,41.359682366280445,41.359682366280445,-0.00779339735532445,-0.00779339735532445,-0.00779339735532445,0.023035779999983276,0.023035779999983276,0.023035779999983276,-0.030829177355307727,-0.030829177355307727,-0.030829177355307727,0.0,0.0,0.0,41.037349927110014
1959-06-12,41.40108379726686,31.471565778527147,48.07982789568469,41.40108379726686,41.40108379726686,-0.03431996058448042,-0.03431996058448042,-0.03431996058448042,0.0002142008123896151,0.0002142008123896151,0.0002142008123896151,-0.03453416139687004,-0.03453416139687004,-0.03453416139687004,0.0,0.0,0.0,39.98020023318989
1959-06-13,41.442485228253275,30.714963396223556,47.9485604058512,41.442485228253275,41.442485228253275,-0.05281071244839054,-0.05281071244839054,-0.05281071244839054,-0.014596621560018331,-0.014596621560018331,-0.014596621560018331,-0.03821409088837221,-0.03821409088837221,-0.03821409088837221,0.0,0.0,0.0,39.25387805771732
1959-06-14,41.48388665923969,28.20417366927479,44.97338121878967,41.48388665923969,41.48388665923969,-0.11327817406146008,-0.11327817406146008,-0.11327817406146008,-0.0715268540113078,-0.0715268540113078,-0.0715268540113078,-0.04175132005015228,-0.04175132005015228,-0.04175132005015228,0.0,0.0,0.0,36.78466772550845
1959-06-15,41.525288090226105,30.73397934812635,47.350197968800174,41.525288090226105,41.525288090226105,-0.06153450227363867,-0.06153450227363867,-0.06153450227363867,-0.016506430077614785,-0.016506430077614785,-0.016506430077614785,-0.04502807219602389,-0.04502807219602389,-0.04502807219602389,0.0,0.0,0.0,38.97005015582459
1959-06-16,41.56668952121252,33.330268288113324,49.12632177657519,41.56668952121252,41.56668952121252,-0.011189045394996775,-0.011189045394996775,-0.011189045394996775,0.03674109143012211,0.03674109143012211,0.03674109143012211,-0.04793013682511888,-0.04793013682511888,-0.04793013682511888,0.0,0.0,0.0,41.10159794523993
1959-06-17,41.608090952198935,33.28237055770776,49.261190931372944,41.608090952198935,41.608090952198935,-0.007711680950945001,-0.007711680950945001,-0.007711680950945001,0.0426388334064276,0.0426388334064276,0.0426388334064276,-0.0503505143573726,-0.0503505143573726,-0.0503505143573726,0.0,0.0,0.0,41.287222629797675
1959-06-18,41.64949238318535,33.248109823672394,48.92778948248252,41.64949238318535,41.64949238318535,-0.029157116037232107,-0.029157116037232107,-0.029157116037232107,0.02303578000000259,0.02303578000000259,0.02303578000000259,-0.0521928960372347,-0.0521928960372347,-0.0521928960372347,0.0,0.0,0.0,40.43511330087699
1959-06-19,41.690893814171766,31.25816267131055,48.46482828017331,41.690893814171766,41.690893814171766,-0.05316066982544726,-0.05316066982544726,-0.05316066982544726,0.00021420081238737038,0.00021420081238737038,0.00021420081238737038,-0.05337487063783463,-0.05337487063783463,-0.05337487063783463,0.0,0.0,0.0,39.474577973388804
1959-06-20,41.73229524515818,30.42533519572343,47.245169829442986,41.73229524515818,41.73229524515818,-0.06842737858485602,-0.06842737858485602,-0.06842737858485602,-0.014596621560004842,-0.014596621560004842,-0.014596621560004842,-0.053830757024851184,-0.053830757024851184,-0.053830757024851184,0.0,0.0,0.0,38.87666367920275
1959-06-21,41.77369673291011,28.576893293726886,45.00582480286777,41.77369673291011,41.77369673291011,-0.12504082618797652,-0.12504082618797652,-0.12504082618797652,-0.07152685401130433,-0.07152685401130433,-0.07152685401130433,-0.05351397217667217,-0.05351397217667217,-0.05351397217667217,0.0,0.0,0.0,36.55027918050106
1959-06-22,41.815098220662044,30.790089869281726,47.461324970359826,41.815098220662044,41.815098220662044,-0.06890528767883157,-0.06890528767883157,-0.06890528767883157,-0.01650643007759741,-0.01650643007759741,-0.01650643007759741,-0.05239885760123416,-0.05239885760123416,-0.05239885760123416,0.0,0.0,0.0,38.93381684844873
1959-06-23,41.856499708413985,32.52631826483555,49.7004643087062,41.856499708413985,41.856499708413985,-0.013740811421360391,-0.013740811421360391,-0.013740811421360391,0.0367410914301271,0.0367410914301271,0.0367410914301271,-0.05048190285148749,-0.05048190285148749,-0.05048190285148749,0.0,0.0,0.0,41.28135743916244
1959-06-24,41.897901196165925,33.104371610721174,50.255816916490666,41.897901196165925,41.897901196165925,-0.005143489149619096,-0.005143489149619096,-0.005143489149619096,0.04263883340641744,0.04263883340641744,0.04263883340641744,-0.04778232255603654,-0.04778232255603654,-0.04778232255603654,0.0,0.0,0.0,41.682399795971634
1959-06-25,41.93930268391786,32.86996998040202,49.449133107601746,41.93930268391786,41.93930268391786,-0.021306182525487213,-0.021306182525487213,-0.021306182525487213,0.023035779999981038,0.023035779999981038,0.023035779999981038,-0.04434196252546825,-0.04434196252546825,-0.04434196252546825,0.0,0.0,0.0,41.04573624594265
1959-06-26,41.98070417166979,32.18378136745112,49.08038463822507,41.98070417166979,41.98070417166979,-0.040010329685576856,-0.040010329685576856,-0.040010329685576856,0.00021420081238511697,0.00021420081238511697,0.00021420081238511697,-0.04022453049796197,-0.04022453049796197,-0.04022453049796197,0.0,0.0,0.0,40.30104235732861
1959-06-27,42.022105659421726,31.685215072220974,48.48480923891026,42.022105659421726,42.022105659421726,-0.05011078891262384,-0.05011078891262384,-0.05011078891262384,-0.014596621560016506,-0.014596621560016506,-0.014596621560016506,-0.03551416735260734,-0.03551416735260734,-0.03551416735260734,0.0,0.0,0.0,39.916344793058464
1959-06-28,42.063507147173674,29.602266317012976,45.90212175087888,42.063507147173674,42.063507147173674,-0.10184024854869898,-0.10184024854869898,-0.10184024854869898,-0.07152685401131152,-0.07152685401131152,-0.07152685401131152,-0.03031339453738747,-0.03031339453738747,-0.03031339453738747,0.0,0.0,0.0,37.77974912447553
1959-06-29,42.10490863492561,32.31018872018901,49.47330769080199,42.10490863492561,42.10490863492561,-0.04124692250800302,-0.04124692250800302,-0.04124692250800302,-0.016506430077628628,-0.016506430077628628,-0.016506430077628628,-0.024740492430374385,-0.024740492430374385,-0.024740492430374385,0.0,0.0,0.0,40.36821073125429
1959-06-30,42.14631012267754,33.924468091019556,51.48736532910974,42.14631012267754,42.14631012267754,0.01781470962586642,0.01781470962586642,0.01781470962586642,0.03674109143013463,0.03674109143013463,0.03674109143013463,-0.018926381804268214,-0.018926381804268214,-0.018926381804268214,0.0,0.0,0.0,42.89713439931476
1959-07-01,42.187711610429474,34.93981967813927,51.668331188820574,42.187711610429474,42.187711610429474,0.02962773744293818,0.02962773744293818,0.02962773744293818,0.04263883340643223,0.04263883340643223,0.04263883340643223,-0.013011095963494047,-0.013011095963494047,-0.013011095963494047,0.0,0.0,0.0,43.43763805334167
1959-07-02,42.229113098181415,35.070082558306765,51.29192510216423,42.229113098181415,42.229113098181415,0.015895836000522905,0.015895836000522905,0.015895836000522905,0.023035779999976073,0.023035779999976073,0.023035779999976073,-0.007139943999453165,-0.007139943999453165,-0.007139943999453165,0.0,0.0,0.0,42.900380154437634
1959-07-03,42.270514585933356,33.99538950312464,50.10581790060998,42.270514585933356,42.270514585933356,-0.0012452747518633322,-0.0012452747518633322,-0.0012452747518633322,0.00021420081238286703,0.00021420081238286703,0.00021420081238286703,-0.0014594755642461993,-0.0014594755642461993,-0.0014594755642461993,0.0,0.0,0.0,42.217876181371224
1959-07-04,42.31191608037855,33.2897101104154,50.49225211527387,42.31191608037855,42.31191608037855,-0.010709985843799355,-0.010709985843799355,-0.010709985843799355,-0.014596621560006115,-0.014596621560006115,-0.014596621560006115,0.003886635716206761,0.003886635716206761,0.003886635716206761,0.0,0.0,0.0,41.85875605813367
1959-07-05,42.35331757482374,31.35351898151347,48.114756169583586,42.35331757482374,42.35331757482374,-0.062765184213071,-0.062765184213071,-0.062765184213071,-0.07152685401130195,-0.07152685401130195,-0.07152685401130195,0.008761669798230936,0.008761669798230936,0.008761669798230936,0.0,0.0,0.0,39.69500379520523
1959-07-06,42.39471906926894,33.86238515810543,50.524039024166,42.39471906926894,42.39471906926894,-0.003466651427495378,-0.003466651427495378,-0.003466651427495378,-0.01650643007761126,-0.01650643007761126,-0.01650643007761126,0.013039778650115883,0.013039778650115883,0.013039778650115883,0.0,0.0,0.0,42.24775135588919
1959-07-07,42.436120563714134,36.288575436469635,53.088007813054126,42.436120563714134,42.436120563714134,0.05335072075987118,0.05335072075987118,0.05335072075987118,0.036741091430142175,0.036741091430142175,0.036741091430142175,0.016609629329729002,0.016609629329729002,0.016609629329729002,0.0,0.0,0.0,44.700118182041074
1959-07-08,42.47752205815933,37.67436534705702,53.2045378916966,42.47752205815933,42.47752205815933,0.06201649623752092,0.06201649623752092,0.06201649623752092,0.04263883340640909,0.04263883340640909,0.04263883340640909,0.01937766283111183,0.01937766283111183,0.01937766283111183,0.0,0.0,0.0,45.11182914505838
1959-07-09,42.51892355260452,35.22975688001444,52.36570107512072,42.51892355260452,42.51892355260452,0.04430665044288607,0.04430665044288607,0.04430665044288607,0.023035779999978804,0.023035779999978804,0.023035779999978804,0.02127087044290727,0.02127087044290727,0.02127087044290727,0.0,0.0,0.0,44.40279463565757
1959-07-10,42.560325047049716,35.4600594121446,51.68512995389516,42.560325047049716,42.560325047049716,0.022453203770581135,0.022453203770581135,0.022453203770581135,0.00021420081237682326,0.00021420081237682326,0.00021420081237682326,0.022239002958204312,0.022239002958204312,0.022239002958204312,0.0,0.0,0.0,43.51594069787329
1959-07-11,42.60172654149491,35.08271204782714,51.63826091268536,42.60172654149491,42.60172654149491,0.007659522697168544,0.007659522697168544,0.007659522697168544,-0.014596621560014674,-0.014596621560014674,-0.014596621560014674,0.022256144257183218,0.022256144257183218,0.022256144257183218,0.0,0.0,0.0,42.92803543287806
1959-07-12,42.6431280359401,32.37529377403768,48.67231943821182,42.6431280359401,42.6431280359401,-0.05020525492886023,-0.05020525492886023,-0.05020525492886023,-0.07152685401130379,-0.07152685401130379,-0.07152685401130379,0.021321599082443566,0.021321599082443566,0.021321599082443566,0.0,0.0,0.0,40.50221892193171
1959-07-13,42.6845295303853,34.563409353533764,51.09608547760222,42.6845295303853,42.6845295303853,0.0029536346314675355,0.0029536346314675355,0.0029536346314675355,-0.016506430077617047,-0.016506430077617047,-0.016506430077617047,0.019460064709084582,0.019460064709084582,0.019460064709084582,0.0,0.0,0.0,42.810604035034146
1959-07-14,42.725931024830494,37.26105972894341,53.11387751810784,42.725931024830494,42.725931024830494,0.05346216852521757,0.05346216852521757,0.05346216852521757,0.03674109143014972,0.03674109143014972,0.03674109143014972,0.01672107709506785,0.01672107709506785,0.01672107709506785,0.0,0.0,0.0,45.010151949676796
1959-07-15,42.76733251927569,36.75608941017863,53.48444392403484,42.76733251927569,42.76733251927569,0.05581657677427223,0.05581657677427223,0.05581657677427223,0.04263883340641789,0.04263883340641789,0.04263883340641789,0.01317774336785434,0.01317774336785434,0.01317774336785434,0.0,0.0,0.0,45.15445861826867
1959-07-16,42.80873401372088,36.4020404493465,52.654324420733,42.80873401372088,42.80873401372088,0.03196057353258659,0.03196057353258659,0.03196057353258659,0.02303577999999812,0.02303577999999812,0.02303577999999812,0.008924793532588477,0.008924793532588477,0.008924793532588477,0.0,0.0,0.0,44.17692570500334
1959-07-17,42.85013550483612,35.161908526750125,50.82323856780616,42.85013550483612,42.85013550483612,0.004290205264104041,0.004290205264104041,0.004290205264104041,0.00021420081238170824,0.00021420081238170824,0.00021420081238170824,0.0040760044517223325,0.0040760044517223325,0.0040760044517223325,0.0,0.0,0.0,43.03397138174654
1959-07-18,42.89153699595134,34.49108372955246,50.974102882748284,42.89153699595134,42.89153699595134,-0.01583555371457652,-0.01583555371457652,-0.01583555371457652,-0.01459662156002943,-0.01459662156002943,-0.01459662156002943,-0.001238932154547092,-0.001238932154547092,-0.001238932154547092,0.0,0.0,0.0,42.212325757951206
1959-07-19,42.93293848706657,31.16988910981216,47.74308272738271,42.93293848706657,42.93293848706657,-0.07840486327354268,-0.07840486327354268,-0.07840486327354268,-0.07152685401130567,-0.07152685401130567,-0.07152685401130567,-0.00687800926223702,-0.00687800926223702,-0.00687800926223702,0.0,0.0,0.0,39.5667873150567
1959-07-20,42.97433997818181,33.383439325237774,49.492111720228955,42.97433997818181,42.97433997818181,-0.029197299154908308,-0.029197299154908308,-0.029197299154908308,-0.016506430077599665,-0.016506430077599665,-0.016506430077599665,-0.01269086907730864,-0.01269086907730864,-0.01269086907730864,0.0,0.0,0.0,41.719605317854096
1959-07-21,43.01574146929703,35.685907578897925,51.66510604192237,43.01574146929703,43.01574146929703,0.01821807265118221,0.01821807265118221,0.01821807265118221,0.03674109143011697,0.03674109143011697,0.03674109143011697,-0.018523018778934766,-0.018523018778934766,-0.018523018778934766,0.0,0.0,0.0,43.79940537252916
1959-07-22,43.05714296041227,35.2211415008996,52.797007501546666,43.05714296041227,43.05714296041227,0.01841865760291915,0.01841865760291915,0.01841865760291915,0.042638833406432666,0.042638833406432666,0.042638833406432666,-0.02422017580351352,-0.02422017580351352,-0.02422017580351352,0.0,0.0,0.0,43.850197733960044
1959-07-23,43.0985444515275,35.22387353344671,51.31098604204384,43.0985444515275,43.0985444515275,-0.006596836645316927,-0.006596836645316927,-0.006596836645316927,0.02303577999999315,0.02303577999999315,0.02303577999999315,-0.029632616645310077,-0.029632616645310077,-0.029632616645310077,0.0,0.0,0.0,42.814230394129844
1959-07-24,43.139945942642726,33.56916852826115,49.86128674652775,43.139945942642726,43.139945942642726,-0.03440520166913927,-0.03440520166913927,-0.03440520166913927,0.00021420081237945483,0.00021420081237945483,0.00021420081237945483,-0.03461940248151872,-0.03461940248151872,-0.03461940248151872,0.0,0.0,0.0,41.655707402490336
1959-07-25,43.18134743375796,32.98942159813885,49.307202006960594,43.18134743375796,43.18134743375796,-0.05364897954178603,-0.05364897954178603,-0.05364897954178603,-0.014596621560037987,-0.014596621560037987,-0.014596621560037987,-0.039052357981748054,-0.039052357981748054,-0.039052357981748054,0.0,0.0,0.0,40.864712208697526
1959-07-26,43.222748924873194,29.905748350386897,46.22367280347306,43.222748924873194,43.222748924873194,-0.11434654037219781,-0.11434654037219781,-0.11434654037219781,-0.07152685401129913,-0.07152685401129913,-0.07152685401129913,-0.04281968636089868,-0.04281968636089868,-0.04281968636089868,0.0,0.0,0.0,38.28037711993781
1959-07-27,43.264150415988425,31.797116460302615,48.44880935377588,43.264150415988425,43.264150415988425,-0.06233554397391139,-0.06233554397391139,-0.06233554397391139,-0.01650643007763089,-0.01650643007763089,-0.01650643007763089,-0.0458291138962805,-0.0458291138962805,-0.0458291138962805,0.0,0.0,0.0,40.56725606523866
1959-07-28,43.305551907103656,34.22724808600669,51.34875569488604,43.305551907103656,43.305551907103656,-0.011269379039243344,-0.011269379039243344,-0.011269379039243344,0.036741091430142106,0.036741091430142106,0.036741091430142106,-0.04801047046938545,-0.04801047046938545,-0.04801047046938545,0.0,0.0,0.0,42.81752522815888
1959-07-29,43.346953398218886,35.28478672788338,50.982797294754796,43.346953398218886,43.346953398218886,-0.006678795423881455,-0.006678795423881455,-0.006678795423881455,0.04263883340642848,0.04263883340642848,0.04263883340642848,-0.049317628830309934,-0.049317628830309934,-0.049317628830309934,0.0,0.0,0.0,43.057447964223655
1959-07-30,43.38835487731828,34.14642585706236,50.48906623124184,43.38835487731828,43.38835487731828,-0.02669396375395386,-0.02669396375395386,-0.02669396375395386,0.023035779999988182,0.023035779999988182,0.023035779999988182,-0.04972974375394204,-0.04972974375394204,-0.04972974375394204,0.0,0.0,0.0,42.23014770487946
1959-07-31,43.42975635641767,33.30308909888391,49.59635927991727,43.42975635641767,43.42975635641767,-0.049037551716091615,-0.049037551716091615,-0.049037551716091615,0.00021420081238812498,0.00021420081238812498,0.00021420081238812498,-0.04925175252847974,-0.04925175252847974,-0.04925175252847974,0.0,0.0,0.0,41.300067433072584
1959-08-01,43.47115783551706,32.03464623353076,48.9319322990672,43.47115783551706,43.47115783551706,-0.06251074125956685,-0.06251074125956685,-0.06251074125956685,-0.014596621559999358,-0.014596621559999358,-0.014596621559999358,-0.04791411969956749,-0.04791411969956749,-0.04791411969956749,0.0,0.0,0.0,40.75374353580726
1959-08-02,43.51255931461645,30.08579458023764,47.50020544715192,43.51255931461645,43.51255931461645,-0.11729868507285529,-0.11729868507285529,-0.11729868507285529,-0.07152685401130099,-0.07152685401130099,-0.07152685401130099,-0.0457718310615543,-0.0457718310615543,-0.0457718310615543,0.0,0.0,0.0,38.40859332285732
1959-08-03,43.553960793715845,33.04083483033804,49.54016760713958,43.553960793715845,43.553960793715845,-0.05940909397326222,-0.05940909397326222,-0.05940909397326222,-0.016506430077613515,-0.016506430077613515,-0.016506430077613515,-0.0429026638956487,-0.0429026638956487,-0.0429026638956487,0.0,0.0,0.0,40.966459444014205
1959-08-04,43.59536227281524,35.485634685740074,51.69421733396449,43.59536227281524,43.59536227281524,-0.0026636903275273974,-0.0026636903275273974,-0.0026636903275273974,0.03674109143013206,0.03674109143013206,0.03674109143013206,-0.039404781757659456,-0.039404781757659456,-0.039404781757659456,0.0,0.0,0.0,43.47923772800409
1959-08-05,43.63676375191463,35.39467395015647,52.547382983863976,43.63676375191463,43.63676375191463,0.00724511131751996,0.00724511131751996,0.00724511131751996,0.04263883340643728,0.04263883340643728,0.04263883340643728,-0.03539372208891732,-0.03539372208891732,-0.03539372208891732,0.0,0.0,0.0,43.95291696283358
1959-08-06,43.67816523101402,35.18137430565878,51.65953262710114,43.67816523101402,43.67816523101402,-0.007963082973323047,-0.007963082973323047,-0.007963082973323047,0.023035780000007496,0.023035780000007496,0.023035780000007496,-0.030998862973330543,-0.030998862973330543,-0.030998862973330543,0.0,0.0,0.0,43.33035237715694
1959-08-07,43.719566710113405,33.77453541557284,50.47244929314128,43.719566710113405,43.719566710113405,-0.026145270144023902,-0.026145270144023902,-0.026145270144023902,0.00021420081239300476,0.00021420081239300476,0.00021420081239300476,-0.026359470956416907,-0.026359470956416907,-0.026359470956416907,0.0,0.0,0.0,42.576506827897816
1959-08-08,43.7609681892128,33.97042956907136,50.43325186935424,43.7609681892128,43.7609681892128,-0.036217066074300835,-0.036217066074300835,-0.036217066074300835,-0.01459662156001101,-0.01459662156001101,-0.01459662156001101,-0.02162044451428983,-0.02162044451428983,-0.02162044451428983,0.0,0.0,0.0,42.176074312828696
1959-08-09,43.802369668312195,30.97407327087222,48.451115094536476,43.802369668312195,43.802369668312195,-0.08845473114325111,-0.08845473114325111,-0.08845473114325111,-0.07152685401130512,-0.07152685401130512,-0.07152685401130512,-0.016927877131945983,-0.016927877131945983,-0.016927877131945983,0.0,0.0,0.0,39.92784283586435
1959-08-10,43.84377114741158,34.51872563403255,50.581413776758346,43.84377114741158,43.84377114741158,-0.028930999813633253,-0.028930999813633253,-0.028930999813633253,-0.016506430077596133,-0.016506430077596133,-0.016506430077596133,-0.012424569736037124,-0.012424569736037124,-0.012424569736037124,0.0,0.0,0.0,42.57532701251684
1959-08-11,43.88517262651097,36.69703610218748,53.25752951758022,43.88517262651097,43.88517262651097,0.02849546718233764,0.02849546718233764,0.02849546718233764,0.036741091430157184,0.036741091430157184,0.036741091430157184,-0.008245624247819543,-0.008245624247819543,-0.008245624247819543,0.0,0.0,0.0,45.13570112288094
1959-08-12,43.926574094974946,37.317514059445145,53.88700980956463,43.926574094974946,43.926574094974946,0.03812458520030323,0.03812458520030323,0.03812458520030323,0.042638833406427136,0.042638833406427136,0.042638833406427136,-0.004514248206123908,-0.004514248206123908,-0.004514248206123908,0.0,0.0,0.0,45.60125651161625
1959-08-13,43.96797556343892,36.99283760661271,54.142989990816844,43.96797556343892,43.96797556343892,0.021697885200159875,0.021697885200159875,0.021697885200159875,0.023035780000010227,0.023035780000010227,0.023035780000010227,-0.0013378947998503483,-0.0013378947998503483,-0.0013378947998503483,0.0,0.0,0.0,44.921987649697854
1959-08-14,44.00937703190289,35.70747881423927,52.36545573756677,44.00937703190289,44.00937703190289,0.0014093474155408604,0.0014093474155408604,0.0014093474155408604,0.00021420081237983474,0.00021420081237983474,0.00021420081237983474,0.0011951466031610257,0.0011951466031610257,0.0011951466031610257,0.0,0.0,0.0,44.07140153368236
1959-08-15,44.05077850036687,35.275887766980325,52.781322535377,44.05077850036687,44.05077850036687,-0.011578014580545673,-0.011578014580545673,-0.011578014580545673,-0.01459662156002267,-0.01459662156002267,-0.01459662156002267,0.003018606979476996,0.003018606979476996,0.003018606979476996,0.0,0.0,0.0,43.54075794460523
1959-08-16,44.09217996883084,32.49611724761048,49.57976226286781,44.09217996883084,44.09217996883084,-0.06743639957718858,-0.06743639957718858,-0.06743639957718858,-0.071526854011307,-0.071526854011307,-0.071526854011307,0.004090454434118405,0.004090454434118405,0.004090454434118405,0.0,0.0,0.0,41.11876210222345
1959-08-17,44.13358143729481,35.428424969977534,52.4491618148444,44.13358143729481,44.13358143729481,-0.012112027387770289,-0.012112027387770289,-0.012112027387770289,-0.01650643007766323,-0.01650643007766323,-0.01650643007766323,0.00439440268989294,0.00439440268989294,0.00439440268989294,0.0,0.0,0.0,43.5990342902059
1959-08-18,44.17498290575878,37.79548617853315,54.54723391802483,44.17498290575878,44.17498290575878,0.04068175444582776,0.04068175444582776,0.04068175444582776,0.036741091430127014,0.036741091430127014,0.036741091430127014,0.003940663015700743,0.003940663015700743,0.003940663015700743,0.0,0.0,0.0,45.9720987129795
1959-08-19,44.216384374222756,38.009604851841175,54.27253103140562,44.216384374222756,44.216384374222756,0.04540474649060971,0.04540474649060971,0.04540474649060971,0.04263883340642295,0.04263883340642295,0.04263883340642295,0.002765913084186753,0.002765913084186753,0.002765913084186753,0.0,0.0,0.0,46.2240180974657
1959-08-20,44.25778584268673,37.2762364588243,53.648230244924875,44.25778584268673,44.25778584268673,0.02396825884499025,0.02396825884499025,0.02396825884499025,0.023035780000005262,0.023035780000005262,0.023035780000005262,0.0009324788449849887,0.0009324788449849887,0.0009324788449849887,0.0,0.0,0.0,45.31856790967039
1959-08-21,44.299187311150696,35.982212050038584,52.90624820511078,44.299187311150696,44.299187311150696,-0.001259050907127527,-0.001259050907127527,-0.001259050907127527,0.00021420081238851356,0.00021420081238851356,0.00021420081238851356,-0.0014732517195160406,-0.0014732517195160406,-0.0014732517195160406,0.0,0.0,0.0,44.24341237918158
1959-08-22,44.34058877961467,34.95654359233919,51.746752026363254,44.34058877961467,44.34058877961467,-0.01893976334462015,-0.01893976334462015,-0.01893976334462015,-0.014596621560034329,-0.014596621560034329,-0.014596621560034329,-0.004343141784585822,-0.004343141784585822,-0.004343141784585822,0.0,0.0,0.0,43.50078852156765
1959-08-23,44.381990248078644,32.48578445276685,49.62272349835721,44.381990248078644,44.381990248078644,-0.07907713747941805,-0.07907713747941805,-0.07907713747941805,-0.07152685401130046,-0.07152685401130046,-0.07152685401130046,-0.007550283468117586,-0.007550283468117586,-0.007550283468117586,0.0,0.0,0.0,40.872389503621136
1959-08-24,44.42339171654262,35.5047079739424,52.24417911951555,44.42339171654262,44.42339171654262,-0.027458988496772516,-0.027458988496772516,-0.027458988496772516,-0.01650643007763314,-0.01650643007763314,-0.01650643007763314,-0.010952558419139379,-0.010952558419139379,-0.010952558419139379,0.0,0.0,0.0,43.203570314410456
1959-08-25,44.46479318869873,37.27780907775591,53.124212041730345,44.46479318869873,44.46479318869873,0.022344409143550827,0.022344409143550827,0.022344409143550827,0.03674109143013454,0.03674109143013454,0.03674109143013454,-0.014396682286583716,-0.014396682286583716,-0.014396682286583716,0.0,0.0,0.0,45.45833272019038
1959-08-26,44.50619466085484,37.64176862963044,54.22354228685233,44.50619466085484,44.50619466085484,0.024916213585808897,0.024916213585808897,0.024916213585808897,0.042638833406418775,0.042638833406418775,0.042638833406418775,-0.017722619820609874,-0.017722619820609874,-0.017722619820609874,0.0,0.0,0.0,45.61512051291629
1959-08-27,44.54759613301095,36.37749624186432,52.742612871253755,44.54759613301095,44.54759613301095,0.0022675337388637484,0.0022675337388637484,0.0022675337388637484,0.023035779999983713,0.023035779999983713,0.023035779999983713,-0.020768246261119963,-0.020768246261119963,-0.020768246261119963,0.0,0.0,0.0,44.648609310227826
1959-08-28,44.58899760516706,35.11740244972224,51.21613986091726,44.58899760516706,44.58899760516706,-0.023159922311307805,-0.023159922311307805,-0.023159922311307805,0.0002142008123895995,0.0002142008123895995,0.0002142008123895995,-0.023374123123697403,-0.023374123123697403,-0.023374123123697403,0.0,0.0,0.0,43.5563198846923
1959-08-29,44.63039907732316,34.84816189319382,51.31349290547755,44.63039907732316,44.63039907732316,-0.03998487428442697,-0.03998487428442697,-0.03998487428442697,-0.014596621560017741,-0.014596621560017741,-0.014596621560017741,-0.025388252724409227,-0.025388252724409227,-0.025388252724409227,0.0,0.0,0.0,42.84585818095259
1959-08-30,44.67180054947927,31.8854473104556,48.64600227407996,44.67180054947927,44.67180054947927,-0.09819752991744068,-0.09819752991744068,-0.09819752991744068,-0.07152685401130232,-0.07152685401130232,-0.07152685401130232,-0.02667067590613837,-0.02667067590613837,-0.02667067590613837,0.0,0.0,0.0,40.28514007855584
1959-08-31,44.71320202163538,33.99459115239939,51.061171469084755,44.71320202163538,44.71320202163538,-0.043604211518203255,-0.043604211518203255,-0.043604211518203255,-0.01650643007762849,-0.01650643007762849,-0.01650643007762849,-0.027097781440574766,-0.027097781440574766,-0.027097781440574766,0.0,0.0,0.0,42.76351810302784
1959-09-01,44.75460349379149,36.99058012158063,53.26420363890516,44.75460349379149,44.75460349379149,0.010174888060517907,0.010174888060517907,0.010174888060517907,0.036741091430121955,0.036741091430121955,0.036741091430121955,-0.026566203369604045,-0.026566203369604045,-0.026566203369604045,0.0,0.0,0.0,45.209976574533684
1959-09-02,44.7960049659476,36.95975751844031,53.77949238109263,44.7960049659476,44.7960049659476,0.017642639510385996,0.017642639510385996,0.017642639510385996,0.042638833406414584,0.042638833406414584,0.042638833406414584,-0.024996193896028588,-0.024996193896028588,-0.024996193896028588,0.0,0.0,0.0,45.58632473306727
1959-09-03,44.837406438103706,36.57422245412323,52.764121905641986,44.837406438103706,44.837406438103706,0.0007014059893074055,0.0007014059893074055,0.0007014059893074055,0.023035780000003024,0.023035780000003024,0.023035780000003024,-0.02233437401069562,-0.02233437401069562,-0.02233437401069562,0.0,0.0,0.0,44.8688556635244
1959-09-04,44.878807910259816,36.10407871044658,52.23159751752704,44.878807910259816,44.878807910259816,-0.01834158062070613,-0.01834158062070613,-0.01834158062070613,0.0002142008123873461,0.0002142008123873461,0.0002142008123873461,-0.018555781433093475,-0.018555781433093475,-0.018555781433093475,0.0,0.0,0.0,44.0556596368126
1959-09-05,44.920209382415926,35.317808424478066,51.423208032753564,44.920209382415926,44.920209382415926,-0.02826177670389475,-0.02826177670389475,-0.02826177670389475,-0.01459662156000735,-0.01459662156000735,-0.01459662156000735,-0.0136651551438874,-0.0136651551438874,-0.0136651551438874,0.0,0.0,0.0,43.65068445535789
1959-09-06,44.96161085457203,32.90983086262607,49.161460050700846,44.96161085457203,44.96161085457203,-0.07922427124535275,-0.07922427124535275,-0.07922427124535275,-0.07152685401130418,-0.07152685401130418,-0.07152685401130418,-0.007697417234048567,-0.007697417234048567,-0.007697417234048567,0.0,0.0,0.0,41.39956000060142
1959-09-07,45.00301232672814,35.890151740186866,52.49087731232561,45.00301232672814,45.00301232672814,-0.01722376544579033,-0.01722376544579033,-0.01722376544579033,-0.016506430077585673,-0.016506430077585673,-0.016506430077585673,-0.0007173353682046572,-0.0007173353682046572,-0.0007173353682046572,0.0,0.0,0.0,44.22789099805856
1959-09-08,45.04441380227091,38.253450514725465,55.74508704622531,45.04441380227091,45.04441380227091,0.04392271922119869,0.04392271922119869,0.04392271922119869,0.036741091430126945,0.036741091430126945,0.036741091430126945,0.007181627791071746,0.007181627791071746,0.007181627791071746,0.0,0.0,0.0,47.02288694219154
1959-09-09,45.08581527781367,39.414676815843585,55.441015058188086,45.08581527781367,45.08581527781367,0.058518082395599864,0.058518082395599864,0.058518082395599864,0.04263883340641742,0.04263883340641742,0.04263883340641742,0.015879248989182443,0.015879248989182443,0.015879248989182443,0.0,0.0,0.0,47.724150731113575
1959-09-10,45.12721675335644,38.734555555269516,55.329521783692236,45.12721675335644,45.12721675335644,0.04826699138932744,0.04826699138932744,0.04826699138932744,0.023035779999981472,0.023035779999981472,0.023035779999981472,0.02523121138934597,0.02523121138934597,0.02523121138934597,0.0,0.0,0.0,47.30537173581501
1959-09-11,45.168618228899206,39.06201906675089,55.33200011466746,45.168618228899206,45.168618228899206,0.03528663323274889,0.03528663323274889,0.03528663323274889,0.00021420081238509442,0.00021420081238509442,0.00021420081238509442,0.0350724324203638,0.0350724324203638,0.0350724324203638,0.0,0.0,0.0,46.76246669397243
1959-09-12,45.210019704441976,38.27323757013754,54.861252090232064,45.210019704441976,45.210019704441976,0.03062434066261692,0.03062434066261692,0.03062434066261692,-0.014596621560019013,-0.014596621560019013,-0.014596621560019013,0.045220962222635934,0.045220962222635934,0.045220962222635934,0.0,0.0,0.0,46.59454674923443
1959-09-13,45.25142117998474,35.95817476006833,53.00987879146926,45.25142117998474,45.25142117998474,-0.01604450743754819,-0.01604450743754819,-0.01604450743754819,-0.07152685401130603,-0.07152685401130603,-0.07152685401130603,0.055482346573757835,0.055482346573757835,0.055482346573757835,0.0,0.0,0.0,44.52538441630285
1959-09-14,45.29282265552751,39.236694632955405,56.64440186785046,45.29282265552751,45.29282265552751,0.04914790526543239,0.04914790526543239,0.04914790526543239,-0.01650643007761689,-0.01650643007761689,-0.01650643007761689,0.06565433534304928,0.06565433534304928,0.06565433534304928,0.0,0.0,0.0,47.518870012605404
1959-09-15,45.33422413107027,42.08457514114663,58.76350588082427,45.33422413107027,45.33422413107027,0.11227289953212809,0.11227289953212809,0.11227289953212809,0.03674109143013448,0.03674109143013448,0.03674109143013448,0.0755318081019936,0.0755318081019936,0.0755318081019936,0.0,0.0,0.0,50.4240289223049
1959-09-16,45.37562560661304,43.52571680220514,59.47447259441436,45.37562560661304,45.37562560661304,0.1275506161751068,0.1275506161751068,0.1275506161751068,0.04263883340641324,0.04263883340641324,0.04263883340641324,0.08491178276869354,0.08491178276869354,0.08491178276869354,0.0,0.0,0.0,51.16331461206749
1959-09-17,45.417027082155805,42.302090203426644,58.98845091404925,45.417027082155805,45.417027082155805,0.11663415124517862,0.11663415124517862,0.11663415124517862,0.02303577999999309,0.02303577999999309,0.02303577999999309,0.09359837124518552,0.09359837124518552,0.09359837124518552,0.0,0.0,0.0,50.71420348796234
1959-09-18,45.458428557698575,41.63266843242844,58.77194042673292,45.458428557698575,45.458428557698575,0.10162174877341304,0.10162174877341304,0.10162174877341304,0.00021420081238284275,0.00021420081238284275,0.00021420081238284275,0.10140754796103019,0.10140754796103019,0.10140754796103019,0.0,0.0,0.0,50.07799356422316
1959-09-19,45.49983003324134,42.460792410549914,57.900276133395046,45.49983003324134,45.49983003324134,0.09357498143741251,0.09357498143741251,0.09357498143741251,-0.01459662156000242,-0.01459662156000242,-0.01459662156000242,0.10817160299741493,0.10817160299741493,0.10817160299741493,0.0,0.0,0.0,49.75747578400732
1959-09-20,45.54123150878411,38.51399266899353,55.689598692253114,45.54123150878411,45.54123150878411,0.04221630684311688,0.04221630684311688,0.04221630684311688,-0.07152685401129645,-0.07152685401129645,-0.07152685401129645,0.11374316085441333,0.11374316085441333,0.11374316085441333,0.0,0.0,0.0,47.463814112172365
1959-09-21,45.58263299844191,41.45805734857654,58.200533381513594,45.58263299844191,45.58263299844191,0.10149222857815837,0.10149222857815837,0.10149222857815837,-0.016506430077599523,-0.016506430077599523,-0.016506430077599523,0.1179986586557579,0.1179986586557579,0.1179986586557579,0.0,0.0,0.0,50.20891600591408
1959-09-22,45.6240344880997,44.833582847244664,61.08971270765365,45.6240344880997,45.6240344880997,0.1575822847112549,0.1575822847112549,0.1575822847112549,0.03674109143014203,0.03674109143014203,0.03674109143014203,0.12084119328111287,0.12084119328111287,0.12084119328111287,0.0,0.0,0.0,52.81357408047954
1959-09-23,45.66543597775751,45.02696249725658,61.74392132368615,45.66543597775751,45.66543597775751,0.16484149851566024,0.16484149851566024,0.16484149851566024,0.04263883340642802,0.04263883340642802,0.04263883340642802,0.12220266510923224,0.12220266510923224,0.12220266510923224,0.0,0.0,0.0,53.19299487470201
1959-09-24,45.706837467415305,44.186247196566775,60.32266999501747,45.706837467415305,45.706837467415305,0.14508094620987416,0.14508094620987416,0.14508094620987416,0.023035779999979234,0.023035779999979234,0.023035779999979234,0.12204516620989493,0.12204516620989493,0.12204516620989493,0.0,0.0,0.0,52.33802869544884
1959-09-25,45.748238957073106,43.55813743836159,59.13142184685035,45.748238957073106,45.748238957073106,0.12057578315841504,0.12057578315841504,0.12057578315841504,0.00021420081237679897,0.00021420081237679897,0.00021420081237679897,0.12036158234603825,0.12036158234603825,0.12036158234603825,0.0,0.0,0.0,51.26436869744051
1959-09-26,45.7896404467309,42.05699750099827,58.93177783860165,45.7896404467309,45.7896404467309,0.10257877884931066,0.10257877884931066,0.10257877884931066,-0.014596621560014074,-0.014596621560014074,-0.014596621560014074,0.11717540040932473,0.11717540040932473,0.11717540040932473,0.0,0.0,0.0,50.48668584770556
1959-09-27,45.831041936388694,39.22294426607703,56.304372910712374,45.831041936388694,45.831041936388694,0.04101288125206076,0.04101288125206076,0.04101288125206076,-0.07152685401130365,-0.07152685401130365,-0.07152685401130365,0.11253973526336442,0.11253973526336442,0.11253973526336442,0.0,0.0,0.0,47.710705016984015
1959-09-28,45.8724434260465,41.87929921837235,58.3979888056235,45.8724434260465,45.8724434260465,0.09002918168122274,0.09002918168122274,0.09002918168122274,-0.01650643007761802,-0.01650643007761802,-0.01650643007761802,0.10653561175884076,0.10653561175884076,0.10653561175884076,0.0,0.0,0.0,50.00230196941165
1959-09-29,45.913844915704296,44.57303153069327,60.20278361915479,45.913844915704296,45.913844915704296,0.13601064971336704,0.13601064971336704,0.13601064971336704,0.03674109143014956,0.03674109143014956,0.03674109143014956,0.09926955828321751,0.09926955828321751,0.09926955828321751,0.0,0.0,0.0,52.15861679352801
1959-09-30,45.9552464053621,43.91216859203202,60.451468537925535,45.9552464053621,45.9552464053621,0.13350942042760883,0.13350942042760883,0.13350942042760883,0.04263883340643683,0.04263883340643683,0.04263883340643683,0.09087058702117201,0.09087058702117201,0.09087058702117201,0.0,0.0,0.0,52.090704718549944
1959-10-01,45.99664789501989,42.15021571027185,59.38721773320542,45.99664789501989,45.99664789501989,0.10452243259192244,0.10452243259192244,0.10452243259192244,0.023035779999998552,0.023035779999998552,0.023035779999998552,0.08148665259192389,0.08148665259192389,0.08148665259192389,0.0,0.0,0.0,50.8043294240815
1959-10-02,46.03804938467769,41.115304589497406,57.7994668520221,46.03804938467769,46.03804938467769,0.07149489524067318,0.07149489524067318,0.07149489524067318,0.0002142008123926023,0.0002142008123926023,0.0002142008123926023,0.07128069442828058,0.07128069442828058,0.07128069442828058,0.0,0.0,0.0,49.32953490252016
1959-10-03,46.07945087433548,39.829930917356286,55.62464420727505,46.07945087433548,46.07945087433548,0.04582975722605682,0.04582975722605682,0.04582975722605682,-0.014596621560025735,-0.014596621560025735,-0.014596621560025735,0.06042637878608255,0.06042637878608255,0.06042637878608255,0.0,0.0,0.0,48.19126092101629
1959-10-04,46.12085397465606,36.25130417004546,53.62832624679793,46.12085397465606,46.12085397465606,-0.022423190678173603,-0.022423190678173603,-0.022423190678173603,-0.07152685401130016,-0.07152685401130016,-0.07152685401130016,0.04910366333312656,0.04910366333312656,0.04910366333312656,0.0,0.0,0.0,45.08667727174215
1959-10-05,46.16225707497664,39.49706411832413,55.38944957108199,46.16225707497664,46.16225707497664,0.020987880601862786,0.020987880601862786,0.020987880601862786,-0.016506430077600647,-0.016506430077600647,-0.016506430077600647,0.03749431067946343,0.03749431067946343,0.03749431067946343,0.0,0.0,0.0,47.13110501477875
1959-10-06,46.2036601752972,40.30088355357618,56.97971803506747,46.2036601752972,46.2036601752972,0.0625185683295784,0.0625185683295784,0.0625185683295784,0.03674109143013441,0.03674109143013441,0.03674109143013441,0.025777476899443992,0.025777476899443992,0.025777476899443992,0.0,0.0,0.0,49.09224686104314
1959-10-07,46.24506327561778,40.855759575178006,56.96543796960776,46.24506327561778,46.24506327561778,0.05676433050184898,0.05676433050184898,0.05676433050184898,0.04263883340641368,0.04263883340641368,0.04263883340641368,0.014125497095435303,0.014125497095435303,0.014125497095435303,0.0,0.0,0.0,48.87013333147387
1959-10-08,46.28646637593835,39.510306352604424,55.44344664293693,46.28646637593835,46.28646637593835,0.025735762507554896,0.025735762507554896,0.025735762507554896,0.023035779999993584,0.023035779999993584,0.023035779999993584,0.0026999825075613125,0.0026999825075613125,0.0026999825075613125,0.0,0.0,0.0,47.47768388190343
1959-10-09,46.327869476258925,38.072678134921105,54.145102329124036,46.327869476258925,46.327869476258925,-0.0081374663561216,-0.0081374663561216,-0.0081374663561216,0.00021420081239035757,0.00021420081239035757,0.00021420081239035757,-0.008351667168511958,-0.008351667168511958,-0.008351667168511958,0.0,0.0,0.0,45.950877997045076
1959-10-10,46.3692725765795,37.10243807584552,52.741856083043544,46.3692725765795,46.3692725765795,-0.03349586794649902,-0.03349586794649902,-0.03349586794649902,-0.0145966215600374,-0.0145966215600374,-0.0145966215600374,-0.018899246386461618,-0.018899246386461618,-0.018899246386461618,0.0,0.0,0.0,44.81609354557917
1959-10-11,46.41067567690008,33.748602778034304,49.666379220950624,46.41067567690008,46.41067567690008,-0.10035900173019885,-0.10035900173019885,-0.10035900173019885,-0.07152685401130432,-0.07152685401130432,-0.07152685401130432,-0.028832147718894523,-0.028832147718894523,-0.028832147718894523,0.0,0.0,0.0,41.75294659634236
1959-10-12,46.45207877722064,35.86984485129858,52.858699407586734,46.45207877722064,46.45207877722064,-0.05456756203605676,-0.05456756203605676,-0.05456756203605676,-0.01650643007763187,-0.01650643007763187,-0.01650643007763187,-0.03806113195842489,-0.03806113195842489,-0.03806113195842489,0.0,0.0,0.0,43.91730208684086
1959-10-13,46.49348187754122,38.10659456379145,54.04965452405415,46.49348187754122,46.49348187754122,-0.009778337461140745,-0.009778337461140745,-0.009778337461140745,0.03674109143014195,0.03674109143014195,0.03674109143014195,-0.0465194288912827,-0.0465194288912827,-0.0465194288912827,0.0,0.0,0.0,46.038852921999194
1959-10-14,46.534884977861786,37.687214491109316,54.88657829179988,46.534884977861786,46.534884977861786,-0.011524320498214013,-0.011524320498214013,-0.011524320498214013,0.04263883340642845,0.04263883340642845,0.04263883340642845,-0.054163153904642464,-0.054163153904642464,-0.054163153904642464,0.0,0.0,0.0,45.99860204902938
1959-10-15,46.576288078182365,37.04401052335545,54.10323077845743,46.576288078182365,46.576288078182365,-0.03793526642735237,-0.03793526642735237,-0.03793526642735237,0.02303577999998862,0.02303577999998862,0.02303577999998862,-0.06097104642734098,-0.06097104642734098,-0.06097104642734098,0.0,0.0,0.0,44.8094041807394
1959-10-16,46.61769117850294,35.12011454718721,51.36894106362521,46.61769117850294,46.61769117850294,-0.06672935581773744,-0.06672935581773744,-0.06672935581773744,0.00021420081238810763,0.00021420081238810763,0.00021420081238810763,-0.06694355663012555,-0.06694355663012555,-0.06694355663012555,0.0,0.0,0.0,43.50692267645122
1959-10-17,46.65909428997426,34.947483448780346,51.02499467537342,46.65909428997426,46.65909428997426,-0.08669794776989526,-0.08669794776989526,-0.08669794776989526,-0.014596621559998763,-0.014596621559998763,-0.014596621559998763,-0.0721013262098965,-0.0721013262098965,-0.0721013262098965,0.0,0.0,0.0,42.61384657023146
1959-10-18,46.700497401445574,31.027713261153863,48.156529150540635,46.700497401445574,46.700497401445574,-0.1480099808819392,-0.1480099808819392,-0.1480099808819392,-0.07152685401130618,-0.07152685401130618,-0.07152685401130618,-0.07648312687063302,-0.07648312687063302,-0.07648312687063302,0.0,0.0,0.0,39.78835767388056
1959-10-19,46.74190051291691,33.95432346237755,50.45743137642729,46.74190051291691,46.74190051291691,-0.09664976583846613,-0.09664976583846613,-0.09664976583846613,-0.016506430077614497,-0.016506430077614497,-0.016506430077614497,-0.08014333576085163,-0.08014333576085163,-0.08014333576085163,0.0,0.0,0.0,42.224306773498604
1959-10-20,46.78330362438823,36.454152641472014,52.81378126353831,46.78330362438823,46.78330362438823,-0.04640794873860322,-0.04640794873860322,-0.04640794873860322,0.03674109143013191,0.03674109143013191,0.03674109143013191,-0.08314904016873513,-0.08314904016873513,-0.08314904016873513,0.0,0.0,0.0,44.61218646796511
1959-10-21,46.82470673585955,36.54396519076686,53.42001551577745,46.82470673585955,46.82470673585955,-0.04293804042247132,-0.04293804042247132,-0.04293804042247132,0.0426388334064183,0.0426388334064183,0.0426388334064183,-0.08557687382888962,-0.08557687382888962,-0.08557687382888962,0.0,0.0,0.0,44.814145585264846
1959-10-22,46.86610984733088,35.75499900174385,51.50479428477392,46.86610984733088,46.86610984733088,-0.06447391396714912,-0.06447391396714912,-0.06447391396714912,0.02303578000000793,0.02303578000000793,0.02303578000000793,-0.08750969396715705,-0.08750969396715705,-0.08750969396715705,0.0,0.0,0.0,43.84446831305911
1959-10-23,46.9075129588022,35.329038291220236,50.322924266183996,46.9075129588022,46.9075129588022,-0.08881901069962875,-0.08881901069962875,-0.08881901069962875,0.00021420081238206212,0.00021420081238206212,0.00021420081238206212,-0.08903321151201081,-0.08903321151201081,-0.08903321151201081,0.0,0.0,0.0,42.74123406342137
1959-10-24,46.94891607027352,34.213932603090036,50.71612157236367,46.94891607027352,46.94891607027352,-0.10482930820923483,-0.10482930820923483,-0.10482930820923483,-0.014596621560007322,-0.014596621560007322,-0.014596621560007322,-0.09023268664922751,-0.09023268664922751,-0.09023268664922751,0.0,0.0,0.0,42.027293677453315
1959-10-25,46.990319181744844,31.145022156483744,47.569519992837186,46.990319181744844,46.990319181744844,-0.16271665212652028,-0.16271665212652028,-0.16271665212652028,-0.071526854011305,-0.071526854011305,-0.071526854011305,-0.09118979811521528,-0.09118979811521528,-0.09118979811521528,0.0,0.0,0.0,39.34421176213471
1959-10-26,47.03172229321616,33.67316358213235,50.69743736379387,47.03172229321616,47.03172229321616,-0.10848621752481548,-0.10848621752481548,-0.10848621752481548,-0.01650643007759712,-0.01650643007759712,-0.01650643007759712,-0.09197978744721835,-0.09197978744721835,-0.09197978744721835,0.0,0.0,0.0,41.9294286379476
1959-10-27,47.07312540468749,36.61724565918195,52.08608231420663,47.07312540468749,47.07312540468749,-0.05592787764252688,-0.05592787764252688,-0.05592787764252688,0.036741091430139455,0.036741091430139455,0.036741091430139455,-0.09266896907266634,-0.09266896907266634,-0.09266896907266634,0.0,0.0,0.0,44.4404254068028
1959-10-28,47.114528516158806,36.543514213985716,52.39096511099742,47.114528516158806,47.114528516158806,-0.05067385055156023,-0.05067385055156023,-0.05067385055156023,0.04263883340642711,0.04263883340642711,0.04263883340642711,-0.09331268395798734,-0.09331268395798734,-0.09331268395798734,0.0,0.0,0.0,44.72705393932375
1959-10-29,47.15593162763014,36.1392084957131,52.717486118319975,47.15593162763014,47.15593162763014,-0.07091797897044447,-0.07091797897044447,-0.07091797897044447,0.023035779999994076,0.023035779999994076,0.023035779999994076,-0.09395375897043853,-0.09395375897043853,-0.09395375897043853,0.0,0.0,0.0,43.811728260130145
1959-10-30,47.19811630036519,34.57751499869467,50.39556452074818,47.19811630036519,47.19811630036519,-0.0944073158151598,-0.0944073158151598,-0.0944073158151598,0.00021420081237981392,0.00021420081237981392,0.00021420081237981392,-0.09462151662753962,-0.09462151662753962,-0.09462151662753962,0.0,0.0,0.0,42.742268828915975
1959-10-31,47.240300973100254,33.60337504636248,50.37588551379998,47.240300973100254,47.240300973100254,-0.10992798263038932,-0.10992798263038932,-0.10992798263038932,-0.014596621560025173,-0.014596621560025173,-0.014596621560025173,-0.09533136107036413,-0.09533136107036413,-0.09533136107036413,0.0,0.0,0.0,42.04726998827493
1959-11-01,47.28248564583531,31.382435126563752,48.25060168491112,47.28248564583531,47.28248564583531,-0.16761180050447672,-0.16761180050447672,-0.16761180050447672,-0.07152685401130683,-0.07152685401130683,-0.07152685401130683,-0.09608494649316987,-0.09608494649316987,-0.09608494649316987,0.0,0.0,0.0,39.357383094409776
1959-11-02,47.32467031857037,33.796903680536566,50.44208653532652,47.32467031857037,47.32467031857037,-0.11337734458776082,-0.11337734458776082,-0.11337734458776082,-0.01650643007766421,-0.01650643007766421,-0.01650643007766421,-0.0968709145100966,-0.0968709145100966,-0.0968709145100966,0.0,0.0,0.0,41.95912486435964
1959-11-03,47.36685499130542,36.265433525161484,52.82891064232691,47.36685499130542,47.36685499130542,-0.06092507623279677,-0.06092507623279677,-0.06092507623279677,0.03674109143012686,0.03674109143012686,0.03674109143012686,-0.09766616766292363,-0.09766616766292363,-0.09766616766292363,0.0,0.0,0.0,44.48102574005231
1959-11-04,47.40903966404049,37.161039852623425,53.03394023999722,47.40903966404049,47.40903966404049,-0.055798794673804726,-0.055798794673804726,-0.055798794673804726,0.04263883340642293,0.04263883340642293,0.04263883340642293,-0.09843762808022766,-0.09843762808022766,-0.09843762808022766,0.0,0.0,0.0,44.76367239414443
1959-11-05,47.45122433677555,35.611706546164996,51.9599098624567,47.45122433677555,47.45122433677555,-0.0761086337636889,-0.0761086337636889,-0.0761086337636889,0.023035779999989108,0.023035779999989108,0.023035779999989108,-0.09914441376367801,-0.09914441376367801,-0.09914441376367801,0.0,0.0,0.0,43.839776482089256
1959-11-06,47.49340900951061,34.33923255965423,50.79171575932412,47.49340900951061,47.49340900951061,-0.09952614981453665,-0.09952614981453665,-0.09952614981453665,0.00021420081237756225,0.00021420081237756225,0.00021420081237756225,-0.0997403506269142,-0.0997403506269142,-0.0997403506269142,0.0,0.0,0.0,42.76657286922699
1959-11-07,47.53559368224567,34.36688983784368,50.41173004609413,47.53559368224567,47.53559368224567,-0.11477334826513928,-0.11477334826513928,-0.11477334826513928,-0.014596621560033737,-0.014596621560033737,-0.014596621560033737,-0.10017672670510556,-0.10017672670510556,-0.10017672670510556,0.0,0.0,0.0,42.07977443356313
1959-11-08,47.57777835498072,30.895517959062516,47.37327917480652,47.57777835498072,47.57777835498072,-0.1719320402786262,-0.1719320402786262,-0.1719320402786262,-0.07152685401130031,-0.07152685401130031,-0.07152685401130031,-0.10040518626732593,-0.10040518626732593,-0.10040518626732593,0.0,0.0,0.0,39.39763385048463
1959-11-09,47.619963027715784,34.38429643342879,51.04626628063872,47.619963027715784,47.619963027715784,-0.11688708626215163,-0.11688708626215163,-0.11688708626215163,-0.016506430077646832,-0.016506430077646832,-0.016506430077646832,-0.10038065618450481,-0.10038065618450481,-0.10038065618450481,0.0,0.0,0.0,42.0538043014947
1959-11-10,47.66214770045084,36.7427455905305,52.4706912712724,47.66214770045084,47.66214770045084,-0.06332310358717967,-0.06332310358717967,-0.06332310358717967,0.03674109143015198,0.03674109143015198,0.03674109143015198,-0.10006419501733166,-0.10006419501733166,-0.10006419501733166,0.0,0.0,0.0,44.644032584427734
1959-11-11,47.70433237318591,36.8061995161659,53.55945740715893,47.70433237318591,47.70433237318591,-0.056786823561253655,-0.056786823561253655,-0.056786823561253655,0.04263883340641875,0.04263883340641875,0.04263883340641875,-0.0994256569676724,-0.0994256569676724,-0.0994256569676724,0.0,0.0,0.0,44.9953548676024
1959-11-12,47.74651705562008,35.36962214385163,52.12242346677767,47.74651705562008,47.74651705562008,-0.07541028805049688,-0.07541028805049688,-0.07541028805049688,0.023035779999984143,0.023035779999984143,0.023035779999984143,-0.09844606805048102,-0.09844606805048102,-0.09844606805048102,0.0,0.0,0.0,44.14593845104781
1959-11-13,47.78870173805426,35.08077157313896,52.13551702334347,47.78870173805426,47.78870173805426,-0.09690541963507843,-0.09690541963507843,-0.09690541963507843,0.00021420081237865166,0.00021420081237865166,0.00021420081237865166,-0.09711962044745709,-0.09711962044745709,-0.09711962044745709,0.0,0.0,0.0,43.157717542312504
1959-11-14,47.830886420488426,33.850948702338655,50.820537941312146,47.830886420488426,47.830886420488426,-0.11005182431080725,-0.11005182431080725,-0.11005182431080725,-0.014596621560020244,-0.014596621560020244,-0.014596621560020244,-0.095455202750787,-0.095455202750787,-0.095455202750787,0.0,0.0,0.0,42.567010111510655
1959-11-15,47.873071102922594,31.51647184519223,48.06294482022373,47.873071102922594,47.873071102922594,-0.16500425235860808,-0.16500425235860808,-0.16500425235860808,-0.07152685401130217,-0.07152685401130217,-0.07152685401130217,-0.09347739834730588,-0.09347739834730588,-0.09347739834730588,0.0,0.0,0.0,39.97381079747437
1959-11-16,47.91525578535677,34.49392092511071,50.747367474275066,47.91525578535677,47.91525578535677,-0.10773333117280862,-0.10773333117280862,-0.10773333117280862,-0.016506430077616742,-0.016506430077616742,-0.016506430077616742,-0.09122690109519187,-0.09122690109519187,-0.09122690109519187,0.0,0.0,0.0,42.7531856656031
1959-11-17,47.95744046779094,37.218939750124356,53.883764428279854,47.95744046779094,47.95744046779094,-0.05201922476535625,-0.05201922476535625,-0.05201922476535625,0.0367410914301218,0.0367410914301218,0.0367410914301218,-0.08876031619547806,-0.08876031619547806,-0.08876031619547806,0.0,0.0,0.0,45.46273159292573
1959-11-18,47.99962515022511,37.77937410457474,53.66555353988924,47.99962515022511,47.99962515022511,-0.04351050078110878,-0.04351050078110878,-0.04351050078110878,0.04263883340643351,0.04263883340643351,0.04263883340643351,-0.0861493341875423,-0.0861493341875423,-0.0861493341875423,0.0,0.0,0.0,45.91113742263331
1959-11-19,48.04180983265929,36.335481839018705,53.82412377658333,48.04180983265929,48.04180983265929,-0.06044350668640286,-0.06044350668640286,-0.06044350668640286,0.023035780000003458,0.023035780000003458,0.023035780000003458,-0.08347928668640632,-0.08347928668640632,-0.08347928668640632,0.0,0.0,0.0,45.13799437881205
1959-11-20,48.08399451509346,35.90829375280568,52.494172487218385,48.08399451509346,48.08399451509346,-0.08063291237764637,-0.08063291237764637,-0.08063291237764637,0.00021420081238732527,0.00021420081238732527,0.00021420081238732527,-0.0808471131900337,-0.0808471131900337,-0.0808471131900337,0.0,0.0,0.0,44.2068419985907
1959-11-21,48.12617919752763,35.504847849249224,51.81510910199927,48.12617919752763,48.12617919752763,-0.09295540993134423,-0.09295540993134423,-0.09295540993134423,-0.014596621560006752,-0.014596621560006752,-0.014596621560006752,-0.07835878837133749,-0.07835878837133749,-0.07835878837133749,0.0,0.0,0.0,43.65259048179212
1959-11-22,48.1683638799618,33.21597642804003,49.23660209550099,48.1683638799618,48.1683638799618,-0.14765313211163617,-0.14765313211163617,-0.14765313211163617,-0.07152685401130401,-0.07152685401130401,-0.07152685401130401,-0.07612627810033215,-0.07612627810033215,-0.07612627810033215,0.0,0.0,0.0,41.05615408439244
1959-11-23,48.21054856239598,35.21091806507355,52.070861632293344,48.21054856239598,48.21054856239598,-0.09077053949568262,-0.09077053949568262,-0.09077053949568262,-0.01650643007759937,-0.01650643007759937,-0.01650643007759937,-0.07426410941808324,-0.07426410941808324,-0.07426410941808324,0.0,0.0,0.0,43.83445106000449
1959-11-24,48.252733244830154,38.09614941383736,55.25692093143748,48.252733244830154,48.252733244830154,-0.03614456282832553,-0.03614456282832553,-0.03614456282832553,0.03674109143012679,0.03674109143012679,0.03674109143012679,-0.07288565425845232,-0.07288565425845232,-0.07288565425845232,0.0,0.0,0.0,46.50865929642396
1959-11-25,48.29491792719881,39.39768049444414,55.28419475713527,48.29491792719881,48.29491792719881,-0.02946040500057928,-0.02946040500057928,-0.02946040500057928,0.04263883340643636,0.04263883340643636,0.04263883340643636,-0.07209923840701564,-0.07209923840701564,-0.07209923840701564,0.0,0.0,0.0,46.872130085593795
1959-11-26,48.33710260956748,38.064663603837964,54.746242205449356,48.33710260956748,48.33710260956748,-0.04896841560277422,-0.04896841560277422,-0.04896841560277422,0.023035779999998493,0.023035779999998493,0.023035779999998493,-0.07200419560277271,-0.07200419560277271,-0.07200419560277271,0.0,0.0,0.0,45.97011127994824
1959-11-27,48.379287291936144,37.04356033882003,53.59725690968713,48.379287291936144,48.379287291936144,-0.0724727907151487,-0.0724727907151487,-0.0724727907151487,0.00021420081237415178,0.00021420081237415178,0.00021420081237415178,-0.07268699152752285,-0.07268699152752285,-0.07268699152752285,0.0,0.0,0.0,44.87310532907961
1959-11-28,48.421471974304815,36.18338339726674,52.27541035051352,48.421471974304815,48.421471974304815,-0.08881416505472053,-0.08881416505472053,-0.08881416505472053,-0.014596621560018414,-0.014596621560018414,-0.014596621560018414,-0.07421754349470212,-0.07421754349470212,-0.07421754349470212,0.0,0.0,0.0,44.120959370186384
1959-11-29,48.46365665667347,33.09319972048203,50.02267889575429,48.46365665667347,48.46365665667347,-0.14817271287305456,-0.14817271287305456,-0.14817271287305456,-0.07152685401130589,-0.07152685401130589,-0.07152685401130589,-0.07664585886174867,-0.07664585886174867,-0.07664585886174867,0.0,0.0,0.0,41.282665174105894
1959-11-30,48.505841339042135,35.609822069835765,52.499834161205435,48.505841339042135,48.505841339042135,-0.09650553865776942,-0.09650553865776942,-0.09650553865776942,-0.016506430077630592,-0.016506430077630592,-0.016506430077630592,-0.07999910858013884,-0.07999910858013884,-0.07999910858013884,0.0,0.0,0.0,43.82475899256957
1959-12-01,48.548026021410806,36.91277244160265,54.2545368683962,48.548026021410806,48.548026021410806,-0.04753815058247353,-0.04753815058247353,-0.04753815058247353,0.036741091430134334,0.036741091430134334,0.036741091430134334,-0.08427924201260786,-0.08427924201260786,-0.08427924201260786,0.0,0.0,0.0,46.240142649923136
1959-12-02,48.590210703779476,37.83756505679742,54.806008202822824,48.590210703779476,48.590210703779476,-0.04682240204183561,-0.04682240204183561,-0.04682240204183561,0.042638833406432174,0.042638833406432174,0.042638833406432174,-0.08946123544826778,-0.08946123544826778,-0.08946123544826778,0.0,0.0,0.0,46.31510032290961
1959-12-03,48.63239538614813,36.921071123827716,53.6253283011043,48.63239538614813,48.63239538614813,-0.07245626999719566,-0.07245626999719566,-0.07245626999719566,0.023035779999993525,0.023035779999993525,0.023035779999993525,-0.09549204999718919,-0.09549204999718919,-0.09549204999718919,0.0,0.0,0.0,45.10867341543901
1959-12-04,48.6745800685168,35.45051421047819,52.232115123897024,48.6745800685168,48.6745800685168,-0.10207615439386637,-0.10207615439386637,-0.10207615439386637,0.00021420081239374548,0.00021420081239374548,0.00021420081239374548,-0.10229035520626012,-0.10229035520626012,-0.10229035520626012,0.0,0.0,0.0,43.70606611838627
1959-12-05,48.71676475088547,34.32158650815786,50.99498098874648,48.71676475088547,48.71676475088547,-0.12434367490939494,-0.12434367490939494,-0.12434367490939494,-0.014596621560001827,-0.014596621560001827,-0.014596621560001827,-0.10974705334939311,-0.10974705334939311,-0.10974705334939311,0.0,0.0,0.0,42.659143192063894
1959-12-06,48.75894943325413,31.286885824590918,47.84857981554893,48.75894943325413,48.75894943325413,-0.18925347052679617,-0.18925347052679617,-0.18925347052679617,-0.0715268540112963,-0.0715268540112963,-0.0715268540112963,-0.11772661651549987,-0.11772661651549987,-0.11772661651549987,0.0,0.0,0.0,39.53114903377023
1959-12-07,48.801134115622794,33.10246043041285,49.84364592696406,48.801134115622794,48.801134115622794,-0.1425756550814136,-0.1425756550814136,-0.1425756550814136,-0.016506430077600494,-0.016506430077600494,-0.016506430077600494,-0.1260692250038131,-0.1260692250038131,-0.1260692250038131,0.0,0.0,0.0,41.84328045037196
1959-12-08,48.843318797991465,36.17806624741474,52.38972213332891,48.843318797991465,48.843318797991465,-0.09785258039616275,-0.09785258039616275,-0.09785258039616275,0.036741091430141884,0.036741091430141884,0.036741091430141884,-0.13459367182630463,-0.13459367182630463,-0.13459367182630463,0.0,0.0,0.0,44.063874018495596
1959-12-09,48.88550348036013,35.97385268586595,52.97721367520428,48.88550348036013,48.88550348036013,-0.10046214160108043,-0.10046214160108043,-0.10046214160108043,0.042638833406427996,0.042638833406427996,0.042638833406427996,-0.14310097500750843,-0.14310097500750843,-0.14310097500750843,0.0,0.0,0.0,43.97436110747608
1959-12-10,48.92768816272879,34.50943076733425,50.68650012648318,48.92768816272879,48.92768816272879,-0.12834283755064632,-0.12834283755064632,-0.12834283755064632,0.023035779999996255,0.023035779999996255,0.023035779999996255,-0.15137861755064258,-0.15137861755064258,-0.15137861755064258,0.0,0.0,0.0,42.64816982913101
1959-12-11,48.969872845097456,33.109505885917486,48.891450978342746,48.969872845097456,48.969872845097456,-0.15899111424916013,-0.15899111424916013,-0.15899111424916013,0.0002142008123877069,0.0002142008123877069,0.0002142008123877069,-0.15920531506154784,-0.15920531506154784,-0.15920531506154784,0.0,0.0,0.0,41.184098196815725
1959-12-12,49.01205752746612,31.929214744832795,48.39183585908856,49.01205752746612,49.01205752746612,-0.18095281525460408,-0.18095281525460408,-0.18095281525460408,-0.014596621560013491,-0.014596621560013491,-0.014596621560013491,-0.1663561936945906,-0.1663561936945906,-0.1663561936945906,0.0,0.0,0.0,40.143187736450514
1959-12-13,49.05424220983479,28.581643695639144,45.45311360853303,49.05424220983479,49.05424220983479,-0.2441351008564806,-0.2441351008564806,-0.2441351008564806,-0.0715268540113035,-0.0715268540113035,-0.0715268540113035,-0.17260824684517712,-0.17260824684517712,-0.17260824684517712,0.0,0.0,0.0,37.07837984049855
1959-12-14,49.09642689220345,31.839057876082798,48.77719799062236,49.09642689220345,49.09642689220345,-0.1942523583927311,-0.1942523583927311,-0.1942523583927311,-0.016506430077631716,-0.016506430077631716,-0.016506430077631716,-0.1777459283150994,-0.1777459283150994,-0.1777459283150994,0.0,0.0,0.0,39.55933017973663
1959-12-15,49.13861157457212,33.539728883500956,50.080664900900324,49.13861157457212,49.13861157457212,-0.1448256414435493,-0.1448256414435493,-0.1448256414435493,0.03674109143013183,0.03674109143013183,0.03674109143013183,-0.18156673287368114,-0.18156673287368114,-0.18156673287368114,0.0,0.0,0.0,42.02208063363929
1959-12-16,49.18079625694079,33.5744155766966,50.59401652577449,49.18079625694079,49.18079625694079,-0.14124777906874936,-0.14124777906874936,-0.14124777906874936,0.04263883340641784,0.04263883340641784,0.04263883340641784,-0.1838866124751672,-0.1838866124751672,-0.1838866124751672,0.0,0.0,0.0,42.23411801281524
1959-12-17,49.22298093930945,33.63424271440457,50.1621372307339,49.22298093930945,49.22298093930945,-0.16150929799804423,-0.16150929799804423,-0.16150929799804423,0.023035780000015566,0.023035780000015566,0.023035780000015566,-0.1845450779980598,-0.1845450779980598,-0.1845450779980598,0.0,0.0,0.0,41.27301184243047
1959-12-18,49.265165621678115,31.888673628523925,48.25277957093482,49.265165621678115,49.265165621678115,-0.18319564143809125,-0.18319564143809125,-0.18319564143809125,0.00021420081239258322,0.00021420081239258322,0.00021420081239258322,-0.18340984225048385,-0.18340984225048385,-0.18340984225048385,0.0,0.0,0.0,40.24000200506099
1959-12-19,49.30735030404678,31.397339383236357,47.68902956369779,49.30735030404678,49.30735030404678,-0.19497749157923613,-0.19497749157923613,-0.19497749157923613,-0.014596621560025152,-0.014596621560025152,-0.014596621560025152,-0.180380870019211,-0.180380870019211,-0.180380870019211,0.0,0.0,0.0,39.69352682534505
1959-12-20,49.34953498641545,28.633942621697372,45.63552146615863,49.34953498641545,49.34953498641545,-0.246920568901223,-0.246920568901223,-0.246920568901223,-0.07152685401130536,-0.07152685401130536,-0.07152685401130536,-0.17539371488991762,-0.17539371488991762,-0.17539371488991762,0.0,0.0,0.0,37.16411973255894
1959-12-21,49.39171966878411,31.39947691143549,48.64723092983541,49.39171966878411,49.39171966878411,-0.18492847015723965,-0.18492847015723965,-0.18492847015723965,-0.016506430077601622,-0.016506430077601622,-0.016506430077601622,-0.168422040079638,-0.168422040079638,-0.168422040079638,0.0,0.0,0.0,40.25778451200062
1959-12-22,49.433904351152776,35.00295298097706,51.49531517073727,49.433904351152776,49.433904351152776,-0.12273814971013665,-0.12273814971013665,-0.12273814971013665,0.03674109143011668,0.03674109143011668,0.03674109143011668,-0.15947924114025333,-0.15947924114025333,-0.15947924114025333,0.0,0.0,0.0,43.36647839814441
1959-12-23,49.47608903352144,35.411231026901305,52.50437355416544,49.47608903352144,49.47608903352144,-0.10598027815657442,-0.10598027815657442,-0.10598027815657442,0.042638833406413654,0.042638833406413654,0.042638833406413654,-0.14861911156298807,-0.14861911156298807,-0.14861911156298807,0.0,0.0,0.0,44.2325993556494
1959-12-24,49.51827371589011,35.64714474023832,52.103778482414235,49.51827371589011,49.51827371589011,-0.11289973741018298,-0.11289973741018298,-0.11289973741018298,0.023035779999977433,0.023035779999977433,0.023035779999977433,-0.1359355174101604,-0.1359355174101604,-0.1359355174101604,0.0,0.0,0.0,43.92767361636055
1959-12-25,49.560458398258774,35.60551913649386,51.8432963321214,49.560458398258774,49.560458398258774,-0.12134687261943389,-0.12134687261943389,-0.12134687261943389,0.00021420081239033328,0.00021420081239033328,0.00021420081239033328,-0.12156107343182422,-0.12156107343182422,-0.12156107343182422,0.0,0.0,0.0,43.54645176604451
1959-12-26,49.60264308062744,34.75523914867539,51.69034114758879,49.60264308062744,49.60264308062744,-0.12026146152376954,-0.12026146152376954,-0.12026146152376954,-0.014596621560036806,-0.014596621560036806,-0.014596621560036806,-0.10566483996373274,-0.10566483996373274,-0.10566483996373274,0.0,0.0,0.0,43.637356728309285
1959-12-27,49.6448277629961,33.45461640471165,50.39573827085569,49.6448277629961,49.6448277629961,-0.15997594051046313,-0.15997594051046313,-0.15997594051046313,-0.07152685401130417,-0.07152685401130417,-0.07152685401130417,-0.08844908649915896,-0.08844908649915896,-0.08844908649915896,0.0,0.0,0.0,41.702849750130845
1959-12-28,49.68701244536477,36.6376773430869,53.115816396233676,49.68701244536477,49.68701244536477,-0.08665162351069208,-0.08665162351069208,-0.08665162351069208,-0.01650643007763284,-0.01650643007763284,-0.01650643007763284,-0.07014519343305925,-0.07014519343305925,-0.07014519343305925,0.0,0.0,0.0,45.38155214957795
1959-12-29,49.72919712773343,41.126775906933574,57.650182109672556,49.72919712773343,49.72919712773343,-0.014267695938532148,-0.014267695938532148,-0.014267695938532148,0.03674109143012422,0.03674109143012422,0.03674109143012422,-0.05100878736865637,-0.05100878736865637,-0.05100878736865637,0.0,0.0,0.0,49.0196760638476
1959-12-30,49.7713818101021,42.56515295096436,59.16274058621396,49.7713818101021,49.7713818101021,0.011324606534585521,0.011324606534585521,0.011324606534585521,0.04263883340640947,0.04263883340640947,0.04263883340640947,-0.03131422687182395,-0.03131422687182395,-0.03131422687182395,0.0,0.0,0.0,50.33502312578413
1959-12-31,49.81356649247076,42.33836610531835,58.4023802049319,49.81356649247076,49.81356649247076,0.011687205959231752,0.011687205959231752,0.011687205959231752,0.023035779999989053,0.023035779999989053,0.023035779999989053,-0.0113485740407573,-0.0113485740407573,-0.0113485740407573,0.0,0.0,0.0,50.39574790363215
1960-01-01,49.85575117483943,41.887902641704216,58.41332493820198,49.85575117483943,49.85575117483943,0.00880899862205199,0.00880899862205199,0.00880899862205199,0.00021420081238808335,0.00021420081238808335,0.00021420081238808335,0.008594797809663905,0.008594797809663905,0.008594797809663905,0.0,0.0,0.0,50.294930418239964
1960-01-02,49.89793585720809,42.524401992279905,58.71731582803797,49.89793585720809,49.89793585720809,0.013626177546901213,0.013626177546901213,0.013626177546901213,-0.01459662155999507,-0.01459662155999507,-0.01459662155999507,0.028222799106896283,0.028222799106896283,0.028222799106896283,0.0,0.0,0.0,50.5778539904223
1960-01-03,49.94012053957676,40.44875173823242,56.881919789044176,49.94012053957676,49.94012053957676,-0.02427760025341323,-0.02427760025341323,-0.02427760025341323,-0.07152685401130068,-0.07152685401130068,-0.07152685401130068,0.04724925375788745,0.04724925375788745,0.04724925375788745,0.0,0.0,0.0,48.72769425650964
1960-01-04,49.982305221945424,44.51756857471709,60.36721624371538,49.98229980518048,49.982314163472864,0.04889496362651311,0.04889496362651311,0.04889496362651311,-0.016506430077615465,-0.016506430077615465,-0.016506430077615465,0.06540139370412858,0.06540139370412858,0.06540139370412858,0.0,0.0,0.0,52.42618821774172
1960-01-05,50.024489904314095,48.25438659670803,63.7740805610938,50.02447377686997,50.02451307536568,0.11916714228276659,0.11916714228276659,0.11916714228276659,0.03674109143013176,0.03674109143013176,0.03674109143013176,0.08242605085263482,0.08242605085263482,0.08242605085263482,0.0,0.0,0.0,55.98576541036431
1960-01-06,50.06667458668275,49.18159747089429,65.71011535119777,50.06664410693052,50.06671521402573,0.14073421943152048,0.14073421943152048,0.14073421943152048,0.042638833406418275,0.042638833406418275,0.042638833406418275,0.09809538602510218,0.09809538602510218,0.09809538602510218,0.0,0.0,0.0,57.112768954171486
1960-01-07,50.10885926905142,48.99085159293282,64.6715587364176,50.10880491435634,50.10892123261057,0.13524778604521162,0.13524778604521162,0.13524778604521162,0.023035779999991783,0.023035779999991783,0.023035779999991783,0.11221200604521983,0.11221200604521983,0.11221200604521983,0.0,0.0,0.0,56.88597154644171
1960-01-08,50.151043951420085,48.405771204633865,64.98767845919464,50.15095933847193,50.15113669640034,0.12482753646933661,0.12482753646933661,0.12482753646933661,0.0002142008123820413,0.0002142008123820413,0.0002142008123820413,0.12461333565695457,0.12461333565695457,0.12461333565695457,0.0,0.0,0.0,56.411275219241276
1960-01-09,50.19322863378875,47.819241860179226,64.45742710009837,50.19311207536075,50.19335084180986,0.12057850866120803,0.12057850866120803,0.12057850866120803,-0.014596621560009826,-0.014596621560009826,-0.014596621560009826,0.13517513022121785,0.13517513022121785,0.13517513022121785,0.0,0.0,0.0,56.245453287342045
1960-01-10,50.23541331615741,45.737446193574975,62.398611450091586,50.23526308024081,50.23556654007971,0.07228718354531455,0.07228718354531455,0.07228718354531455,-0.07152685401130483,-0.07152685401130483,-0.07152685401130483,0.14381403755661937,0.14381403755661937,0.14381403755661937,0.0,0.0,0.0,53.86678985901722
1960-01-11,50.27759799852608,48.72955352963092,64.88924939051458,50.277410248437306,50.277787995783676,0.13398271218627425,0.13398271218627425,0.13398271218627425,-0.016506430077585378,-0.016506430077585378,-0.016506430077585378,0.15048914226385962,0.15048914226385962,0.15048914226385962,0.0,0.0,0.0,57.0139269405798
1960-01-12,50.319782680894754,52.027024701450685,67.97426638485851,50.31955415331559,50.320008247396636,0.19194354415151785,0.19194354415151785,0.19194354415151785,0.0367410914301393,0.0367410914301393,0.0367410914301393,0.15520245272137853,0.15520245272137853,0.15520245272137853,0.0,0.0,0.0,59.978340109599856
1960-01-13,50.36196736326342,51.851215489374056,68.76709668420595,50.36169412046216,50.36222862528146,0.2006371523330572,0.2006371523330572,0.2006371523330572,0.042638833406427074,0.042638833406427074,0.042638833406427074,0.1579983189266301,0.1579983189266301,0.1579983189266301,0.0,0.0,0.0,60.466449080918956
1960-01-14,50.404152045632074,51.058800551392814,68.29801971309837,50.40383873795646,50.404460880393465,0.18199757771393635,0.18199757771393635,0.18199757771393635,0.02303577999999451,0.02303577999999451,0.02303577999999451,0.15896179771394184,0.15896179771394184,0.15896179771394184,0.0,0.0,0.0,59.57758562466206
1960-01-15,50.446336728000745,50.1339844048607,67.79480485657383,50.4459785764309,50.446668667930126,0.15843021063781884,0.15843021063781884,0.15843021063781884,0.0002142008123797879,0.0002142008123797879,0.0002142008123797879,0.15821600982543907,0.15821600982543907,0.15821600982543907,0.0,0.0,0.0,58.43856048172424
1960-01-16,50.488521410369415,49.29725133688059,65.4826571632708,50.48809850222877,50.488890909594474,0.14132193851537378,0.14132193851537378,0.14132193851537378,-0.014596621560021488,-0.014596621560021488,-0.014596621560021488,0.15591856007539526,0.15591856007539526,0.15591856007539526,0.0,0.0,0.0,57.62365712885778
1960-01-17,50.53070609273808,46.535954749665585,63.221644447937884,50.530232389123654,50.53112750427048,0.08073026268065063,0.08073026268065063,0.08073026268065063,-0.07152685401130134,-0.07152685401130134,-0.07152685401130134,0.15225711669195197,0.15225711669195197,0.15225711669195197,0.0,0.0,0.0,54.61006326904357
1960-01-18,50.572890775106735,49.337337674238434,65.8306791575479,50.57235913192949,50.57336244959852,0.13093783807972317,0.13093783807972317,0.13093783807972317,-0.016506430077652474,-0.016506430077652474,-0.016506430077652474,0.14744426815737566,0.14744426815737566,0.14744426815737566,0.0,0.0,0.0,57.19479575864119
1960-01-19,50.615075457475406,50.925589324532886,68.19574377869459,50.614475359985846,50.615614448886916,0.1784528863153886,0.1784528863153886,0.1784528863153886,0.036741091430144285,0.036741091430144285,0.036741091430144285,0.14171179488524432,0.14171179488524432,0.14171179488524432,0.0,0.0,0.0,59.64748176393309
1960-01-20,50.65726013984407,51.919761743577666,67.47450674566753,50.656589767874664,50.65785199680422,0.17794334175236873,0.17794334175236873,0.17794334175236873,0.04263883340640394,0.04263883340640394,0.04263883340640394,0.13530450834596477,0.13530450834596477,0.13530450834596477,0.0,0.0,0.0,59.67138229314699
1960-01-21,50.69944482221274,50.08422257535695,66.09715357743472,50.69870761366224,50.70007523954694,0.1515096013605487,0.1515096013605487,0.1515096013605487,0.023035779999989542,0.023035779999989542,0.023035779999989542,0.12847382136055915,0.12847382136055915,0.12847382136055915,0.0,0.0,0.0,58.38089749642733
1960-01-22,50.7416295045814,48.37498304035686,65.50225881718427,50.740851908147214,50.74228858579834,0.12168542073603736,0.12168542073603736,0.12168542073603736,0.00021420081237754143,0.00021420081237754143,0.00021420081237754143,0.12147121992365983,0.12147121992365983,0.12147121992365983,0.0,0.0,0.0,56.91614603967851
1960-01-23,50.78381418695007,47.83218266520599,64.67070792120651,50.782971386355705,50.78452563412642,0.09994518735049693,0.09994518735049693,0.09994518735049693,-0.014596621560033149,-0.014596621560033149,-0.014596621560033149,0.11454180891053008,0.11454180891053008,0.11454180891053008,0.0,0.0,0.0,55.85941201023761
1960-01-24,50.82599886931873,44.02634901350294,60.45253857324905,50.825106868374554,50.82675253699311,0.036391247309541484,0.036391247309541484,0.036391247309541484,-0.07152685401130016,-0.07152685401130016,-0.07152685401130016,0.10791810132084163,0.10791810132084163,0.10791810132084163,0.0,0.0,0.0,52.67562036392659
1960-01-25,50.8681835516874,46.38742938192385,63.31511987367978,50.86722853525793,50.868999897844304,0.0853077833183401,0.0853077833183401,0.0853077833183401,-0.016506430077635095,-0.016506430077635095,-0.016506430077635095,0.1018142133959752,0.1018142133959752,0.1018142133959752,0.0,0.0,0.0,55.20763553191231
1960-01-26,50.91036823405606,49.755968595690696,66.21535124038196,50.90934126516407,50.91122118608718,0.13316170765724428,0.13316170765724428,0.13316170765724428,0.036741091430151834,0.036741091430151834,0.036741091430151834,0.09642061622709244,0.09642061622709244,0.09642061622709244,0.0,0.0,0.0,57.689679805562086
1960-01-27,50.95255291642473,49.66144817669735,65.83695235933894,50.95144913414321,50.95348097316332,0.13453841208836934,0.13453841208836934,0.13453841208836934,0.04263883340643768,0.04263883340643768,0.04263883340643768,0.09189957868193166,0.09189957868193166,0.09189957868193166,0.0,0.0,0.0,57.80762847764912
1960-01-28,50.99473759879339,48.72402030364409,65.34153891108349,50.9935837844774,50.99571901722981,0.11141719706550807,0.11141719706550807,0.11141719706550807,0.023035779999984577,0.023035779999984577,0.023035779999984577,0.0883814170655235,0.0883814170655235,0.0883814170655235,0.0,0.0,0.0,56.67642832714203
1960-01-29,51.03692228116206,46.68602547616156,63.52229201524958,51.03569889004731,51.0379710477837,0.08617584525333549,0.08617584525333549,0.08617584525333549,0.0002142008123786239,0.0002142008123786239,0.0002142008123786239,0.08596164444095687,0.08596164444095687,0.08596164444095687,0.0,0.0,0.0,55.43507219786999
1960-01-30,51.07910696353072,46.449505892492205,62.77722649058416,51.07783108026891,51.080221874436766,0.0701024660426066,0.0701024660426066,0.0701024660426066,-0.014596621560019656,-0.014596621560019656,-0.014596621560019656,0.08469908760262626,0.08469908760262626,0.08469908760262626,0.0,0.0,0.0,54.6598783249283
1960-01-31,51.12129164589939,43.68624010858094,59.60748928424912,51.11995082680871,51.12246878665485,0.013088159003776469,0.013088159003776469,0.013088159003776469,-0.07152685401130202,-0.07152685401130202,-0.07152685401130202,0.08461501301507848,0.08461501301507848,0.08461501301507848,0.0,0.0,0.0,51.790375239439356
1960-02-01,51.163476328268054,46.78037981636239,63.256995164079065,51.16203796164502,51.16472009612451,0.06918684527346294,0.06918684527346294,0.06918684527346294,-0.016506430077617724,-0.016506430077617724,-0.016506430077617724,0.08569327535108068,0.08569327535108068,0.08569327535108068,0.0,0.0,0.0,54.70331584864442
1960-02-02,51.205661010636724,49.77849073498022,65.99597130292608,51.20412867294945,51.20697298905319,0.12462256578532944,0.12462256578532944,0.12462256578532944,0.03674109143013923,0.03674109143013923,0.03674109143013923,0.08788147435519023,0.08788147435519023,0.08788147435519023,0.0,0.0,0.0,57.58704186851608
1960-02-03,51.24784569300538,49.95511017084576,66.06130442466765,51.24623355523764,51.24921193928734,0.13373191180523603,0.13373191180523603,0.13373191180523603,0.042638833406414535,0.042638833406414535,0.042638833406414535,0.0910930783988215,0.0910930783988215,0.0910930783988215,0.0,0.0,0.0,58.10131807343072
1960-02-04,51.29003037537405,48.66161400939151,66.07739920608726,51.288341797420244,51.291448204970116,0.1182462270385277,0.1182462270385277,0.1182462270385277,0.02303578000000389,0.02303578000000389,0.02303578000000389,0.09521044703852381,0.09521044703852381,0.09521044703852381,0.0,0.0,0.0,57.354882951953506
1960-02-05,51.33221505774272,48.330913378553745,64.89320732947617,51.33046533496348,51.33368442051196,0.10030286167105724,0.10030286167105724,0.10030286167105724,0.00021420081238730446,0.00021420081238730446,0.00021420081238730446,0.10008866085866994,0.10008866085866994,0.10008866085866994,0.0,0.0,0.0,56.480983123948455
1960-02-06,51.37439974011138,47.82714262497671,64.40942789173998,51.372583973640886,51.37594361359325,0.09096342397285304,0.09096342397285304,0.09096342397285304,-0.014596621560003069,-0.014596621560003069,-0.014596621560003069,0.10556004553285611,0.10556004553285611,0.10556004553285611,0.0,0.0,0.0,56.04759104502196
1960-02-07,51.41658442248004,44.43367239960849,61.880659936621335,51.414701729675855,51.41820045177727,0.03991240494479506,0.03991240494479506,0.03991240494479506,-0.0715268540113092,-0.0715268540113092,-0.0715268540113092,0.11143925895610426,0.11143925895610426,0.11143925895610426,0.0,0.0,0.0,53.468743960828306
1960-02-08,51.45876910484871,48.36600207990042,64.47822646195806,51.45681981559951,51.460443807279056,0.1010223658920973,0.1010223658920973,0.1010223658920973,-0.016506430077600345,-0.016506430077600345,-0.016506430077600345,0.11752879596969765,0.11752879596969765,0.11752879596969765,0.0,0.0,0.0,56.65725570571569
1960-02-09,51.500953787217384,51.405765027893914,68.57812661327775,51.49893770855141,51.50269583470757,0.1603658464317326,0.1603658464317326,0.1603658464317326,0.03674109143014423,0.03674109143014423,0.03674109143014423,0.12362475500158837,0.12362475500158837,0.12362475500158837,0.0,0.0,0.0,59.75994783334604
1960-02-10,51.54313846958604,52.42628628366918,68.65216524369488,51.541072906858794,51.544944618461045,0.17216153854633556,0.17216153854633556,0.17216153854633556,0.04263883340643633,0.04263883340643633,0.04263883340643633,0.12952270513989922,0.12952270513989922,0.12952270513989922,0.0,0.0,0.0,60.416884490016784
1960-02-11,51.585323151954704,51.73712718789962,67.76813742362754,51.583228851345545,51.587189090727804,0.1580592708810808,0.1580592708810808,0.1580592708810808,0.023035779999998927,0.023035779999998927,0.023035779999998927,0.13502349088108187,0.13502349088108187,0.13502349088108187,0.0,0.0,0.0,59.7388617175176
1960-02-12,51.627507834323374,51.00984452011938,68.06270161265564,51.62532089656219,51.6294525891987,0.14015301586898987,0.14015301586898987,0.14015301586898987,0.00021420081238504932,0.00021420081238504932,0.00021420081238504932,0.13993881505660483,0.13993881505660483,0.13993881505660483,0.0,0.0,0.0,58.863258759103694
1960-02-13,51.669692516692045,49.78173052821719,66.30469122316254,51.6674235057039,51.671737168504976,0.12949982656270204,0.12949982656270204,0.12949982656270204,-0.014596621560017824,-0.014596621560017824,-0.014596621560017824,0.14409644812271985,0.14409644812271985,0.14409644812271985,0.0,0.0,0.0,58.36090873615181
1960-02-14,51.7118771990607,47.4639463356757,64.06148684013458,51.70953394646589,51.71401466086484,0.07581806984133888,0.07581806984133888,0.07581806984133888,-0.07152685401131106,-0.07152685401131106,-0.07152685401131106,0.14734492385264994,0.14734492385264994,0.14734492385264994,0.0,0.0,0.0,55.63257191616582
1960-02-15,51.754061881429365,50.24723758297017,67.03593390983072,51.75164440175636,51.75627926488021,0.1330511670616765,0.1330511670616765,0.1330511670616765,-0.016506430077631574,-0.016506430077631574,-0.016506430077631574,0.14955759713930808,0.14955759713930808,0.14955759713930808,0.0,0.0,0.0,58.64000021493577
1960-02-16,51.796246563798036,53.29319547828973,69.65005525411048,51.793745293366335,51.79855523894803,0.1873770500626073,0.1873770500626073,0.1873770500626073,0.0367410914301166,0.0367410914301166,0.0367410914301166,0.15063595863249069,0.15063595863249069,0.15063595863249069,0.0,0.0,0.0,61.501674449237974
1960-02-17,51.8384312461667,54.286432176818295,69.76191419717104,51.83584516823468,51.840831940526705,0.19315095614523736,0.19315095614523736,0.19315095614523736,0.04263883340643215,0.04263883340643215,0.04263883340643215,0.15051212273880518,0.15051212273880518,0.15051212273880518,0.0,0.0,0.0,61.85107380643294
1960-02-18,51.88061592853536,52.5316889947753,69.26965677143723,51.877920463116794,51.88310521799907,0.17218620947098462,0.17218620947098462,0.17218620947098462,0.023035779999993962,0.023035779999993962,0.023035779999993962,0.14915042947099064,0.14915042947099064,0.14915042947099064,0.0,0.0,0.0,60.81374253028985
1960-02-19,51.92280061090403,51.040817534644084,67.46755177685426,51.92004514431968,51.925382002480525,0.14676232686616225,0.14676232686616225,0.14676232686616225,0.0002142008123827985,0.0002142008123827985,0.0002142008123827985,0.14654812605377943,0.14654812605377943,0.14654812605377943,0.0,0.0,0.0,59.54311164596809
